Fips State,Fips County,CBSA,State ,County Name,
46,13,10100,SD,Brown County,
46,45,10100,SD,Edmunds County,
53,27,10140,WA,Grays Harbor County,
48,59,10180,TX,Callahan County,
48,253,10180,TX,Jones County,
48,441,10180,TX,Taylor County,
40,123,10220,OK,Pontotoc County,
26,91,10300,MI,Lenawee County,
72,3,10380,PR,Aguada Municipio,
72,5,10380,PR,Aguadilla Municipio,
72,11,10380,PR,Anasco Municipio,
72,71,10380,PR,Isabela Municipio,
72,81,10380,PR,Lares Municipio,
72,99,10380,PR,Moca Municipio,
72,117,10380,PR,Rincon Municipio,
72,131,10380,PR,San Sebastian Municipio,
72,141,10380,PR,Utuado Municipio,
39,133,10420,OH,Portage County,
39,153,10420,OH,Summit County,
35,35,10460,NM,Otero County,
13,95,10500,GA,Dougherty County,
13,177,10500,GA,Lee County,
13,273,10500,GA,Terrell County,
13,321,10500,GA,Worth County,
41,43,10540,OR,Linn County,
36,1,10580,NY,Albany County,
36,83,10580,NY,Rensselaer County,
36,91,10580,NY,Saratoga County,
36,93,10580,NY,Schenectady County,
36,95,10580,NY,Schoharie County,
37,167,10620,NC,Stanly County,
27,47,10660,MN,Freeborn County,
1,95,10700,AL,Marshall County,
35,1,10740,NM,Bernalillo County,
35,43,10740,NM,Sandoval County,
35,57,10740,NM,Torrance County,
35,61,10740,NM,Valencia County,
1,37,10760,AL,Coosa County,
1,123,10760,AL,Tallapoosa County,
22,43,10780,LA,Grant Parish,
22,79,10780,LA,Rapides Parish,
27,41,10820,MN,Douglas County,
48,131,10860,TX,Duval County,
48,249,10860,TX,Jim Wells County,
34,41,10900,NJ,Warren County,
42,25,10900,PA,Carbon County,
42,77,10900,PA,Lehigh County,
42,95,10900,PA,Northampton County,
26,57,10940,MI,Gratiot County,
26,7,10980,MI,Alpena County,
42,13,11020,PA,Blair County,
40,65,11060,OK,Jackson County,
48,11,11100,TX,Armstrong County,
48,65,11100,TX,Carson County,
48,359,11100,TX,Oldham County,
48,375,11100,TX,Potter County,
48,381,11100,TX,Randall County,
13,249,11140,GA,Schley County,
13,261,11140,GA,Sumter County,
19,15,11180,IA,Boone County,
19,169,11180,IA,Story County,
36,57,11220,NY,Montgomery County,
2,20,11260,AK,Anchorage Municipality,
2,170,11260,AK,Matanuska-Susitna Borough,
48,3,11380,TX,Andrews County,
18,151,11420,IN,Steuben County,
26,161,11460,MI,Washtenaw County,
1,15,11500,AL,Calhoun County,
55,15,11540,WI,Calumet County,
55,87,11540,WI,Outagamie County,
12,27,11580,FL,DeSoto County,
40,19,11620,OK,Carter County,
40,85,11620,OK,Love County,
72,13,11640,PR,Arecibo Municipio,
72,27,11640,PR,Camuy Municipio,
72,65,11640,PR,Hatillo Municipio,
72,115,11640,PR,Quebradillas Municipio,
5,19,11660,AR,Clark County,
37,21,11700,NC,Buncombe County,
37,87,11700,NC,Haywood County,
37,89,11700,NC,Henderson County,
37,115,11700,NC,Madison County,
39,5,11740,OH,Ashland County,
39,7,11780,OH,Ashtabula County,
41,7,11820,OR,Clatsop County,
20,5,11860,KS,Atchison County,
39,9,11900,OH,Athens County,
47,107,11940,TN,McMinn County,
48,213,11980,TX,Henderson County,
13,59,12020,GA,Clarke County,
13,195,12020,GA,Madison County,
13,219,12020,GA,Oconee County,
13,221,12020,GA,Oglethorpe County,
13,13,12060,GA,Barrow County,
13,15,12060,GA,Bartow County,
13,35,12060,GA,Butts County,
13,45,12060,GA,Carroll County,
13,57,12060,GA,Cherokee County,
13,63,12060,GA,Clayton County,
13,67,12060,GA,Cobb County,
13,77,12060,GA,Coweta County,
13,85,12060,GA,Dawson County,
13,89,12060,GA,DeKalb County,
13,97,12060,GA,Douglas County,
13,113,12060,GA,Fayette County,
13,117,12060,GA,Forsyth County,
13,121,12060,GA,Fulton County,
13,135,12060,GA,Gwinnett County,
13,143,12060,GA,Haralson County,
13,149,12060,GA,Heard County,
13,151,12060,GA,Henry County,
13,159,12060,GA,Jasper County,
13,171,12060,GA,Lamar County,
13,199,12060,GA,Meriwether County,
13,211,12060,GA,Morgan County,
13,217,12060,GA,Newton County,
13,223,12060,GA,Paulding County,
13,227,12060,GA,Pickens County,
13,231,12060,GA,Pike County,
13,247,12060,GA,Rockdale County,
13,255,12060,GA,Spalding County,
13,297,12060,GA,Walton County,
34,1,12100,NJ,Atlantic County,
1,53,12120,AL,Escambia County,
18,33,12140,IN,DeKalb County,
36,11,12180,NY,Cayuga County,
1,81,12220,AL,Lee County,
13,33,12260,GA,Burke County,
13,73,12260,GA,Columbia County,
13,181,12260,GA,Lincoln County,
13,189,12260,GA,McDuffie County,
13,245,12260,GA,Richmond County,
45,3,12260,SC,Aiken County,
45,37,12260,SC,Edgefield County,
23,11,12300,ME,Kennebec County,
27,99,12380,MN,Mower County,
48,21,12420,TX,Bastrop County,
48,55,12420,TX,Caldwell County,
48,209,12420,TX,Hays County,
48,453,12420,TX,Travis County,
48,491,12420,TX,Williamson County,
13,87,12460,GA,Decatur County,
6,29,12540,CA,Kern County,
24,3,12580,MD,Anne Arundel County,
24,5,12580,MD,Baltimore County,
24,13,12580,MD,Carroll County,
24,25,12580,MD,Harford County,
24,27,12580,MD,Howard County,
24,35,12580,MD,Queen Anne's County,
24,510,12580,MD,Baltimore city,
23,19,12620,ME,Penobscot County,
55,111,12660,WI,Sauk County,
21,179,12680,KY,Nelson County,
25,1,12700,MA,Barnstable County,
50,23,12740,VT,Washington County,
40,147,12780,OK,Washington County,
36,37,12860,NY,Genesee County,
5,63,12900,AR,Independence County,
5,135,12900,AR,Sharp County,
22,5,12940,LA,Ascension Parish,
22,7,12940,LA,Assumption Parish,
22,33,12940,LA,East Baton Rouge Parish,
22,37,12940,LA,East Feliciana Parish,
22,47,12940,LA,Iberville Parish,
22,63,12940,LA,Livingston Parish,
22,77,12940,LA,Pointe Coupee Parish,
22,91,12940,LA,St. Helena Parish,
22,121,12940,LA,West Baton Rouge Parish,
22,125,12940,LA,West Feliciana Parish,
26,25,12980,MI,Calhoun County,
26,17,13020,MI,Bay County,
48,321,13060,TX,Matagorda County,
31,67,13100,NE,Gage County,
48,199,13140,TX,Hardin County,
48,245,13140,TX,Jefferson County,
48,361,13140,TX,Orange County,
55,27,13180,WI,Dodge County,
54,19,13220,WV,Fayette County,
54,81,13220,WV,Raleigh County,
18,93,13260,IN,Lawrence County,
48,25,13300,TX,Bee County,
39,91,13340,OH,Logan County,
53,73,13380,WA,Whatcom County,
27,7,13420,MN,Beltrami County,
41,17,13460,OR,Deschutes County,
45,69,13500,SC,Marlboro County,
50,3,13540,VT,Bennington County,
33,7,13620,NH,Coos County,
26,107,13660,MI,Mecosta County,
48,227,13700,TX,Howard County,
51,195,13720,VA,Wise County,
51,720,13720,VA,Norton city,
30,9,13740,MT,Carbon County,
30,95,13740,MT,Stillwater County,
30,111,13740,MT,Yellowstone County,
36,7,13780,NY,Broome County,
36,107,13780,NY,Tioga County,
1,7,13820,AL,Bibb County,
1,9,13820,AL,Blount County,
1,21,13820,AL,Chilton County,
1,73,13820,AL,Jefferson County,
1,115,13820,AL,St. Clair County,
1,117,13820,AL,Shelby County,
38,15,13900,ND,Burleigh County,
38,59,13900,ND,Morton County,
38,65,13900,ND,Oliver County,
16,11,13940,ID,Bingham County,
51,71,13980,VA,Giles County,
51,121,13980,VA,Montgomery County,
51,155,13980,VA,Pulaski County,
51,750,13980,VA,Radford city,
17,113,14010,IL,McLean County,
18,105,14020,IN,Monroe County,
18,119,14020,IN,Owen County,
42,37,14100,PA,Columbia County,
42,93,14100,PA,Montour County,
51,21,14140,VA,Bland County,
51,185,14140,VA,Tazewell County,
54,55,14140,WV,Mercer County,
5,93,14180,AR,Mississippi County,
22,117,14220,LA,Washington Parish,
16,1,14260,ID,Ada County,
16,15,14260,ID,Boise County,
16,27,14260,ID,Canyon County,
16,45,14260,ID,Gem County,
16,73,14260,ID,Owyhee County,
48,147,14300,TX,Fannin County,
37,189,14380,NC,Watauga County,
48,233,14420,TX,Hutchinson County,
25,9,14460,MA,Essex County,
25,17,14460,MA,Middlesex County,
25,21,14460,MA,Norfolk County,
25,23,14460,MA,Plymouth County,
25,25,14460,MA,Suffolk County,
33,15,14460,NH,Rockingham County,
33,17,14460,NH,Strafford County,
8,13,14500,CO,Boulder County,
21,3,14540,KY,Allen County,
21,31,14540,KY,Butler County,
21,61,14540,KY,Edmonson County,
21,227,14540,KY,Warren County,
30,31,14580,MT,Gallatin County,
42,83,14620,PA,McKean County,
27,21,14660,MN,Cass County,
27,35,14660,MN,Crow Wing County,
29,213,14700,MO,Taney County,
8,117,14720,CO,Summit County,
53,35,14740,WA,Kitsap County,
48,477,14780,TX,Washington County,
37,175,14820,NC,Transylvania County,
9,1,14860,CT,Fairfield County,
28,85,15020,MS,Lincoln County,
41,15,15060,OR,Curry County,
46,11,15100,SD,Brookings County,
47,75,15140,TN,Haywood County,
48,61,15180,TX,Cameron County,
48,49,15220,TX,Brown County,
13,25,15260,GA,Brantley County,
13,127,15260,GA,Glynn County,
13,191,15260,GA,McIntosh County,
39,33,15340,OH,Crawford County,
36,29,15380,NY,Erie County,
36,63,15380,NY,Niagara County,
16,31,15420,ID,Cassia County,
16,67,15420,ID,Minidoka County,
17,71,15460,IL,Henderson County,
19,57,15460,IA,Des Moines County,
37,1,15500,NC,Alamance County,
50,7,15540,VT,Chittenden County,
50,11,15540,VT,Franklin County,
50,13,15540,VT,Grand Isle County,
30,93,15580,MT,Silver Bow County,
26,113,15620,MI,Missaukee County,
26,165,15620,MI,Wexford County,
13,129,15660,GA,Gordon County,
24,37,15680,MD,St. Mary's County,
24,19,15700,MD,Dorchester County,
39,59,15740,OH,Guernsey County,
5,13,15780,AR,Calhoun County,
5,103,15780,AR,Ouachita County,
21,87,15820,KY,Green County,
21,217,15820,KY,Taylor County,
8,43,15860,CO,Fremont County,
39,19,15940,OH,Carroll County,
39,151,15940,OH,Stark County,
12,71,15980,FL,Lee County,
17,3,16020,IL,Alexander County,
29,17,16020,MO,Bollinger County,
29,31,16020,MO,Cape Girardeau County,
17,77,16060,IL,Jackson County,
17,87,16060,IL,Johnson County,
17,199,16060,IL,Williamson County,
35,15,16100,NM,Eddy County,
19,27,16140,IA,Carroll County,
32,510,16180,NV,Carson City,
56,25,16220,WY,Natrona County,
49,21,16260,UT,Iron County,
19,11,16300,IA,Benton County,
19,105,16300,IA,Jones County,
19,113,16300,IA,Linn County,
13,233,16340,GA,Polk County,
39,107,16380,OH,Mercer County,
21,177,16420,KY,Muhlenberg County,
17,121,16460,IL,Marion County,
53,41,16500,WA,Lewis County,
42,55,16540,PA,Franklin County,
17,19,16580,IL,Champaign County,
17,147,16580,IL,Piatt County,
54,5,16620,WV,Boone County,
54,15,16620,WV,Clay County,
54,35,16620,WV,Jackson County,
54,39,16620,WV,Kanawha County,
54,43,16620,WV,Lincoln County,
17,29,16660,IL,Coles County,
17,35,16660,IL,Cumberland County,
45,15,16700,SC,Berkeley County,
45,19,16700,SC,Charleston County,
45,35,16700,SC,Dorchester County,
37,7,16740,NC,Anson County,
37,25,16740,NC,Cabarrus County,
37,71,16740,NC,Gaston County,
37,97,16740,NC,Iredell County,
37,109,16740,NC,Lincoln County,
37,119,16740,NC,Mecklenburg County,
37,159,16740,NC,Rowan County,
37,179,16740,NC,Union County,
45,23,16740,SC,Chester County,
45,57,16740,SC,Lancaster County,
45,91,16740,SC,York County,
51,3,16820,VA,Albemarle County,
51,65,16820,VA,Fluvanna County,
51,79,16820,VA,Greene County,
51,125,16820,VA,Nelson County,
51,540,16820,VA,Charlottesville city,
13,47,16860,GA,Catoosa County,
13,83,16860,GA,Dade County,
13,295,16860,GA,Walker County,
47,65,16860,TN,Hamilton County,
47,115,16860,TN,Marion County,
47,153,16860,TN,Sequatchie County,
56,21,16940,WY,Laramie County,
17,31,16980,IL,Cook County,
17,37,16980,IL,DeKalb County,
17,43,16980,IL,DuPage County,
17,63,16980,IL,Grundy County,
17,89,16980,IL,Kane County,
17,93,16980,IL,Kendall County,
17,97,16980,IL,Lake County,
17,111,16980,IL,McHenry County,
17,197,16980,IL,Will County,
18,73,16980,IN,Jasper County,
18,89,16980,IN,Lake County,
18,111,16980,IN,Newton County,
18,127,16980,IN,Porter County,
55,59,16980,WI,Kenosha County,
6,7,17020,CA,Butte County,
39,141,17060,OH,Ross County,
18,29,17140,IN,Dearborn County,
18,47,17140,IN,Franklin County,
18,115,17140,IN,Ohio County,
18,161,17140,IN,Union County,
21,15,17140,KY,Boone County,
21,23,17140,KY,Bracken County,
21,37,17140,KY,Campbell County,
21,77,17140,KY,Gallatin County,
21,81,17140,KY,Grant County,
21,117,17140,KY,Kenton County,
21,191,17140,KY,Pendleton County,
39,15,17140,OH,Brown County,
39,17,17140,OH,Butler County,
39,25,17140,OH,Clermont County,
39,61,17140,OH,Hamilton County,
39,165,17140,OH,Warren County,
54,17,17220,WV,Doddridge County,
54,33,17220,WV,Harrison County,
54,91,17220,WV,Taylor County,
28,27,17260,MS,Coahoma County,
21,47,17300,KY,Christian County,
21,221,17300,KY,Trigg County,
47,125,17300,TN,Montgomery County,
47,161,17300,TN,Stewart County,
6,33,17340,CA,Lake County,
28,11,17380,MS,Bolivar County,
47,11,17420,TN,Bradley County,
47,139,17420,TN,Polk County,
39,35,17460,OH,Cuyahoga County,
39,55,17460,OH,Geauga County,
39,85,17460,OH,Lake County,
39,93,17460,OH,Lorain County,
39,103,17460,OH,Medina County,
12,51,17500,FL,Hendry County,
19,45,17540,IA,Clinton County,
35,9,17580,NM,Curry County,
72,43,17620,PR,Coamo Municipio,
72,123,17640,PR,Salinas Municipio,
16,55,17660,ID,Kootenai County,
20,125,17700,KS,Montgomery County,
26,23,17740,MI,Branch County,
48,41,17780,TX,Brazos County,
48,51,17780,TX,Burleson County,
48,395,17780,TX,Robertson County,
8,41,17820,CO,El Paso County,
8,119,17820,CO,Teller County,
29,19,17860,MO,Boone County,
29,53,17860,MO,Cooper County,
29,89,17860,MO,Howard County,
45,17,17900,SC,Calhoun County,
45,39,17900,SC,Fairfield County,
45,55,17900,SC,Kershaw County,
45,63,17900,SC,Lexington County,
45,79,17900,SC,Richland County,
45,81,17900,SC,Saluda County,
1,113,17980,AL,Russell County,
13,53,17980,GA,Chattahoochee County,
13,145,17980,GA,Harris County,
13,197,17980,GA,Marion County,
13,215,17980,GA,Muscogee County,
13,259,17980,GA,Stewart County,
13,263,17980,GA,Talbot County,
18,5,18020,IN,Bartholomew County,
28,87,18060,MS,Lowndes County,
31,141,18100,NE,Platte County,
39,41,18140,OH,Delaware County,
39,45,18140,OH,Fairfield County,
39,49,18140,OH,Franklin County,
39,73,18140,OH,Hocking County,
39,89,18140,OH,Licking County,
39,97,18140,OH,Madison County,
39,117,18140,OH,Morrow County,
39,127,18140,OH,Perry County,
39,129,18140,OH,Pickaway County,
39,159,18140,OH,Union County,
33,13,18180,NH,Merrimack County,
18,41,18220,IN,Fayette County,
47,87,18260,TN,Jackson County,
47,133,18260,TN,Overton County,
47,141,18260,TN,Putnam County,
41,11,18300,OR,Coos County,
13,81,18380,GA,Crisp County,
28,3,18420,MS,Alcorn County,
13,137,18460,GA,Habersham County,
36,101,18500,NY,Steuben County,
48,355,18580,TX,Nueces County,
48,409,18580,TX,San Patricio County,
48,349,18620,TX,Navarro County,
36,23,18660,NY,Cortland County,
41,3,18700,OR,Benton County,
39,31,18740,OH,Coshocton County,
8,81,18780,CO,Moffat County,
18,107,18820,IN,Montgomery County,
6,15,18860,CA,Del Norte County,
12,91,18880,FL,Okaloosa County,
12,131,18880,FL,Walton County,
47,35,18900,TN,Cumberland County,
1,43,18980,AL,Cullman County,
37,99,19000,NC,Jackson County,
37,173,19000,NC,Swain County,
24,1,19060,MD,Allegany County,
54,57,19060,WV,Mineral County,
48,85,19100,TX,Collin County,
48,113,19100,TX,Dallas County,
48,121,19100,TX,Denton County,
48,139,19100,TX,Ellis County,
48,231,19100,TX,Hunt County,
48,251,19100,TX,Johnson County,
48,257,19100,TX,Kaufman County,
48,367,19100,TX,Parker County,
48,397,19100,TX,Rockwall County,
48,439,19100,TX,Tarrant County,
48,497,19100,TX,Wise County,
13,213,19140,GA,Murray County,
13,313,19140,GA,Whitfield County,
17,183,19180,IL,Vermilion County,
21,21,19220,KY,Boyle County,
21,137,19220,KY,Lincoln County,
51,143,19260,VA,Pittsylvania County,
51,590,19260,VA,Danville city,
1,3,19300,AL,Baldwin County,
17,73,19340,IL,Henry County,
17,131,19340,IL,Mercer County,
17,161,19340,IL,Rock Island County,
19,163,19340,IA,Scott County,
47,143,19420,TN,Rhea County,
39,57,19430,OH,Greene County,
39,109,19430,OH,Miami County,
39,113,19430,OH,Montgomery County,
1,79,19460,AL,Lawrence County,
1,103,19460,AL,Morgan County,
17,115,19500,IL,Macon County,
18,1,19540,IN,Adams County,
39,39,19580,OH,Defiance County,
48,465,19620,TX,Val Verde County,
12,35,19660,FL,Flagler County,
12,127,19660,FL,Volusia County,
35,29,19700,NM,Luna County,
8,1,19740,CO,Adams County,
8,5,19740,CO,Arapahoe County,
8,14,19740,CO,Broomfield County,
8,19,19740,CO,Clear Creek County,
8,31,19740,CO,Denver County,
8,35,19740,CO,Douglas County,
8,39,19740,CO,Elbert County,
8,47,19740,CO,Gilpin County,
8,59,19740,CO,Jefferson County,
8,93,19740,CO,Park County,
22,11,19760,LA,Beauregard Parish,
19,49,19780,IA,Dallas County,
19,77,19780,IA,Guthrie County,
19,99,19780,IA,Jasper County,
19,121,19780,IA,Madison County,
19,153,19780,IA,Polk County,
19,181,19780,IA,Warren County,
26,87,19820,MI,Lapeer County,
26,93,19820,MI,Livingston County,
26,99,19820,MI,Macomb County,
26,125,19820,MI,Oakland County,
26,147,19820,MI,St. Clair County,
26,163,19820,MI,Wayne County,
38,7,19860,ND,Billings County,
38,89,19860,ND,Stark County,
17,103,19940,IL,Lee County,
20,57,19980,KS,Ford County,
1,61,20020,AL,Geneva County,
1,67,20020,AL,Henry County,
1,69,20020,AL,Houston County,
13,3,20060,GA,Atkinson County,
13,69,20060,GA,Coffee County,
10,1,20100,DE,Kent County,
13,167,20140,GA,Johnson County,
13,175,20140,GA,Laurens County,
13,283,20140,GA,Treutlen County,
42,33,20180,PA,Clearfield County,
19,61,20220,IA,Dubuque County,
27,17,20260,MN,Carlton County,
27,75,20260,MN,Lake County,
27,137,20260,MN,St. Louis County,
55,31,20260,WI,Douglas County,
48,341,20300,TX,Moore County,
40,137,20340,OK,Stephens County,
8,67,20420,CO,La Plata County,
40,13,20460,OK,Bryan County,
37,37,20500,NC,Chatham County,
37,63,20500,NC,Durham County,
37,77,20500,NC,Granville County,
37,135,20500,NC,Orange County,
37,145,20500,NC,Person County,
47,45,20540,TN,Dyer County,
48,323,20580,TX,Maverick County,
24,41,20660,MD,Talbot County,
42,89,20700,PA,Monroe County,
55,17,20740,WI,Chippewa County,
55,35,20740,WI,Eau Claire County,
8,37,20780,CO,Eagle County,
17,49,20820,IL,Effingham County,
48,481,20900,TX,Wharton County,
6,25,20940,CA,Imperial County,
5,139,20980,AR,Union County,
37,139,21020,NC,Pasquotank County,
37,143,21020,NC,Perquimans County,
21,93,21060,KY,Hardin County,
21,123,21060,KY,Larue County,
21,163,21060,KY,Meade County,
40,9,21120,OK,Beckham County,
18,39,21140,IN,Elkhart County,
54,83,21180,WV,Randolph County,
32,7,21220,NV,Elko County,
32,11,21220,NV,Eureka County,
53,37,21260,WA,Kittitas County,
36,15,21300,NY,Chemung County,
48,141,21340,TX,El Paso County,
48,229,21340,TX,Hudspeth County,
20,17,21380,KS,Chase County,
20,111,21380,KS,Lyon County,
40,47,21420,OK,Garfield County,
1,31,21460,AL,Coffee County,
42,49,21500,PA,Erie County,
26,41,21540,MI,Delta County,
35,39,21580,NM,Rio Arriba County,
1,5,21640,AL,Barbour County,
13,239,21640,GA,Quitman County,
41,39,21660,OR,Lane County,
6,23,21700,CA,Humboldt County,
56,41,21740,WY,Uinta County,
18,129,21780,IN,Posey County,
18,163,21780,IN,Vanderburgh County,
18,173,21780,IN,Warrick County,
21,101,21780,KY,Henderson County,
2,90,21820,AK,Fairbanks North Star Borough,
19,101,21840,IA,Jefferson County,
27,91,21860,MN,Martin County,
54,49,21900,WV,Marion County,
32,1,21980,NV,Churchill County,
27,27,22020,MN,Clay County,
38,17,22020,ND,Cass County,
27,131,22060,MN,Rice County,
29,187,22100,MO,St. Francois County,
35,45,22140,NM,San Juan County,
37,51,22180,NC,Cumberland County,
37,85,22180,NC,Harnett County,
37,93,22180,NC,Hoke County,
5,7,22220,AR,Benton County,
5,87,22220,AR,Madison County,
5,143,22220,AR,Washington County,
27,111,22260,MN,Otter Tail County,
32,19,22280,NV,Lyon County,
39,63,22300,OH,Hancock County,
13,17,22340,GA,Ben Hill County,
4,5,22380,AZ,Coconino County,
26,49,22420,MI,Genesee County,
45,31,22500,SC,Darlington County,
45,41,22500,SC,Florence County,
1,33,22520,AL,Colbert County,
1,77,22520,AL,Lauderdale County,
55,39,22540,WI,Fond du Lac County,
37,161,22580,NC,Rutherford County,
5,123,22620,AR,St. Francis County,
8,69,22660,CO,Larimer County,
19,187,22700,IA,Webster County,
29,169,22780,MO,Pulaski County,
17,67,22800,IL,Hancock County,
19,111,22800,IA,Lee County,
29,45,22800,MO,Clark County,
8,87,22820,CO,Morgan County,
1,49,22840,AL,DeKalb County,
22,115,22860,LA,Vernon Parish,
5,33,22900,AR,Crawford County,
5,47,22900,AR,Franklin County,
5,131,22900,AR,Sebastian County,
40,135,22900,OK,Sequoyah County,
18,3,23060,IN,Allen County,
18,183,23060,IN,Whitley County,
18,23,23140,IN,Clinton County,
21,5,23180,KY,Anderson County,
21,73,23180,KY,Franklin County,
48,171,23240,TX,Gillespie County,
17,177,23300,IL,Stephenson County,
31,53,23340,NE,Dodge County,
39,143,23380,OH,Sandusky County,
6,19,23420,CA,Fresno County,
1,55,23460,AL,Etowah County,
45,21,23500,SC,Cherokee County,
12,1,23540,FL,Alachua County,
12,41,23540,FL,Gilchrist County,
12,75,23540,FL,Levy County,
13,139,23580,GA,Hall County,
48,97,23620,TX,Cooke County,
17,95,23660,IL,Knox County,
35,31,23700,NM,McKinley County,
20,55,23780,KS,Finney County,
20,93,23780,KS,Kearny County,
32,5,23820,NV,Douglas County,
45,43,23860,SC,Georgetown County,
42,1,23900,PA,Adams County,
56,5,23940,WY,Campbell County,
56,11,23940,WY,Crook County,
56,45,23940,WY,Weston County,
21,9,23980,KY,Barren County,
21,169,23980,KY,Metcalfe County,
36,113,24020,NY,Warren County,
36,115,24020,NY,Washington County,
8,45,24060,CO,Garfield County,
8,97,24060,CO,Pitkin County,
36,35,24100,NY,Fulton County,
37,191,24140,NC,Wayne County,
48,221,24180,TX,Hood County,
27,119,24220,MN,Polk County,
38,35,24220,ND,Grand Forks County,
31,79,24260,NE,Hall County,
31,93,24260,NE,Howard County,
31,121,24260,NE,Merrick County,
8,77,24300,CO,Mesa County,
27,61,24330,MN,Itasca County,
26,67,24340,MI,Ionia County,
26,81,24340,MI,Kent County,
26,117,24340,MI,Montcalm County,
26,139,24340,MI,Ottawa County,
35,6,24380,NM,Cibola County,
41,33,24420,OR,Josephine County,
20,9,24460,KS,Barton County,
30,13,24500,MT,Cascade County,
8,123,24540,CO,Weld County,
55,9,24580,WI,Brown County,
55,61,24580,WI,Kewaunee County,
55,83,24580,WI,Oconto County,
47,59,24620,TN,Greene County,
37,81,24660,NC,Guilford County,
37,151,24660,NC,Randolph County,
37,157,24660,NC,Rockingham County,
18,31,24700,IN,Decatur County,
28,151,24740,MS,Washington County,
37,147,24780,NC,Pitt County,
39,37,24820,OH,Darke County,
45,7,24860,SC,Anderson County,
45,45,24860,SC,Greenville County,
45,59,24860,SC,Laurens County,
45,77,24860,SC,Pickens County,
28,15,24900,MS,Carroll County,
28,83,24900,MS,Leflore County,
45,47,24940,SC,Greenwood County,
28,43,24980,MS,Grenada County,
72,15,25020,PR,Arroyo Municipio,
72,57,25020,PR,Guayama Municipio,
72,109,25020,PR,Patillas Municipio,
28,45,25060,MS,Hancock County,
28,47,25060,MS,Harrison County,
28,59,25060,MS,Jackson County,
28,131,25060,MS,Stone County,
40,139,25100,OK,Texas County,
24,43,25180,MD,Washington County,
54,3,25180,WV,Berkeley County,
54,65,25180,WV,Morgan County,
16,13,25200,ID,Blaine County,
16,25,25200,ID,Camas County,
22,105,25220,LA,Tangipahoa Parish,
6,31,25260,CA,Kings County,
29,127,25300,MO,Marion County,
29,173,25300,MO,Ralls County,
42,41,25420,PA,Cumberland County,
42,43,25420,PA,Dauphin County,
42,99,25420,PA,Perry County,
5,9,25460,AR,Boone County,
5,101,25460,AR,Newton County,
51,165,25500,VA,Rockingham County,
51,660,25500,VA,Harrisonburg city,
9,3,25540,CT,Hartford County,
9,7,25540,CT,Middlesex County,
9,13,25540,CT,Tolland County,
31,1,25580,NE,Adams County,
28,31,25620,MS,Covington County,
28,35,25620,MS,Forrest County,
28,73,25620,MS,Lamar County,
28,111,25620,MS,Perry County,
20,51,25700,KS,Ellis County,
49,43,25720,UT,Summit County,
49,51,25720,UT,Wasatch County,
30,43,25740,MT,Jefferson County,
30,49,25740,MT,Lewis and Clark County,
5,107,25760,AR,Phillips County,
37,181,25780,NC,Vance County,
48,117,25820,TX,Deaf Smith County,
41,49,25840,OR,Morrow County,
41,59,25840,OR,Umatilla County,
37,3,25860,NC,Alexander County,
37,23,25860,NC,Burke County,
37,27,25860,NC,Caldwell County,
37,35,25860,NC,Catawba County,
26,59,25880,MI,Hillsdale County,
15,1,25900,HI,Hawaii County,
45,13,25940,SC,Beaufort County,
45,53,25940,SC,Jasper County,
13,179,25980,GA,Liberty County,
13,183,25980,GA,Long County,
35,25,26020,NM,Lea County,
26,5,26090,MI,Allegan County,
12,17,26140,FL,Citrus County,
41,27,26220,OR,Hood River County,
5,57,26260,AR,Hempstead County,
5,99,26260,AR,Nevada County,
5,51,26300,AR,Garland County,
26,61,26340,MI,Houghton County,
26,83,26340,MI,Keweenaw County,
22,57,26380,LA,Lafourche Parish,
22,109,26380,LA,Terrebonne Parish,
48,15,26420,TX,Austin County,
48,39,26420,TX,Brazoria County,
48,71,26420,TX,Chambers County,
48,157,26420,TX,Fort Bend County,
48,167,26420,TX,Galveston County,
48,201,26420,TX,Harris County,
48,291,26420,TX,Liberty County,
48,339,26420,TX,Montgomery County,
48,473,26420,TX,Waller County,
36,21,26460,NY,Columbia County,
42,61,26500,PA,Huntingdon County,
18,69,26540,IN,Huntington County,
21,19,26580,KY,Boyd County,
21,43,26580,KY,Carter County,
21,89,26580,KY,Greenup County,
39,87,26580,OH,Lawrence County,
54,11,26580,WV,Cabell County,
54,79,26580,WV,Putnam County,
54,99,26580,WV,Wayne County,
1,83,26620,AL,Limestone County,
1,89,26620,AL,Madison County,
48,471,26660,TX,Walker County,
46,5,26700,SD,Beadle County,
46,73,26700,SD,Jerauld County,
20,155,26740,KS,Reno County,
27,85,26780,MN,McLeod County,
16,19,26820,ID,Bonneville County,
16,23,26820,ID,Butte County,
16,51,26820,ID,Jefferson County,
42,63,26860,PA,Indiana County,
18,11,26900,IN,Boone County,
18,13,26900,IN,Brown County,
18,57,26900,IN,Hamilton County,
18,59,26900,IN,Hancock County,
18,63,26900,IN,Hendricks County,
18,81,26900,IN,Johnson County,
18,95,26900,IN,Madison County,
18,97,26900,IN,Marion County,
18,109,26900,IN,Morgan County,
18,133,26900,IN,Putnam County,
18,145,26900,IN,Shelby County,
28,133,26940,MS,Sunflower County,
19,103,26980,IA,Johnson County,
19,183,26980,IA,Washington County,
26,43,27020,MI,Dickinson County,
55,37,27020,WI,Florence County,
36,109,27060,NY,Tompkins County,
26,75,27100,MI,Jackson County,
28,29,27140,MS,Copiah County,
28,49,27140,MS,Hinds County,
28,51,27140,MS,Holmes County,
28,89,27140,MS,Madison County,
28,121,27140,MS,Rankin County,
28,127,27140,MS,Simpson County,
28,163,27140,MS,Yazoo County,
39,79,27160,OH,Jackson County,
47,23,27180,TN,Chester County,
47,33,27180,TN,Crockett County,
47,53,27180,TN,Gibson County,
47,113,27180,TN,Madison County,
16,81,27220,ID,Teton County,
56,39,27220,WY,Teton County,
12,3,27260,FL,Baker County,
12,19,27260,FL,Clay County,
12,31,27260,FL,Duval County,
12,89,27260,FL,Nassau County,
12,109,27260,FL,St. Johns County,
17,137,27300,IL,Morgan County,
17,171,27300,IL,Scott County,
37,133,27340,NC,Onslow County,
48,73,27380,TX,Cherokee County,
38,93,27420,ND,Stutsman County,
36,13,27460,NY,Chautauqua County,
55,105,27500,WI,Rock County,
1,127,27530,AL,Walker County,
18,37,27540,IN,Dubois County,
18,125,27540,IN,Pike County,
72,73,27580,PR,Jayuya Municipio,
13,157,27600,GA,Jackson County,
29,27,27620,MO,Callaway County,
29,51,27620,MO,Cole County,
29,135,27620,MO,Moniteau County,
29,151,27620,MO,Osage County,
22,53,27660,LA,Jefferson Davis Parish,
13,305,27700,GA,Wayne County,
47,19,27740,TN,Carter County,
47,171,27740,TN,Unicoi County,
47,179,27740,TN,Washington County,
42,21,27780,PA,Cambria County,
5,31,27860,AR,Craighead County,
5,111,27860,AR,Poinsett County,
29,97,27900,MO,Jasper County,
29,145,27900,MO,Newton County,
2,110,27940,AK,Juneau City and Borough,
15,9,27980,HI,Maui County,
26,77,28020,MI,Kalamazoo County,
30,29,28060,MT,Flathead County,
17,91,28100,IL,Kankakee County,
20,91,28140,KS,Johnson County,
20,103,28140,KS,Leavenworth County,
20,107,28140,KS,Linn County,
20,121,28140,KS,Miami County,
20,209,28140,KS,Wyandotte County,
29,13,28140,MO,Bates County,
29,25,28140,MO,Caldwell County,
29,37,28140,MO,Cass County,
29,47,28140,MO,Clay County,
29,49,28140,MO,Clinton County,
29,95,28140,MO,Jackson County,
29,107,28140,MO,Lafayette County,
29,165,28140,MO,Platte County,
29,177,28140,MO,Ray County,
15,7,28180,HI,Kauai County,
31,19,28260,NE,Buffalo County,
31,99,28260,NE,Kearney County,
33,5,28300,NH,Cheshire County,
18,113,28340,IN,Noble County,
29,69,28380,MO,Dunklin County,
53,5,28420,WA,Benton County,
53,21,28420,WA,Franklin County,
48,265,28500,TX,Kerr County,
2,130,28540,AK,Ketchikan Gateway Borough,
12,87,28580,FL,Monroe County,
37,55,28620,NC,Dare County,
48,27,28660,TX,Bell County,
48,99,28660,TX,Coryell County,
48,281,28660,TX,Lampasas County,
47,73,28700,TN,Hawkins County,
47,163,28700,TN,Sullivan County,
51,169,28700,VA,Scott County,
51,191,28700,VA,Washington County,
51,520,28700,VA,Bristol city,
36,111,28740,NY,Ulster County,
48,261,28780,TX,Kenedy County,
48,273,28780,TX,Kleberg County,
37,107,28820,NC,Lenoir County,
29,1,28860,MO,Adair County,
29,197,28860,MO,Schuyler County,
41,35,28900,OR,Klamath County,
47,1,28940,TN,Anderson County,
47,9,28940,TN,Blount County,
47,13,28940,TN,Campbell County,
47,93,28940,TN,Knox County,
47,105,28940,TN,Loudon County,
47,129,28940,TN,Morgan County,
47,145,28940,TN,Roane County,
47,173,28940,TN,Union County,
18,67,29020,IN,Howard County,
33,1,29060,NH,Belknap County,
27,55,29100,MN,Houston County,
55,63,29100,WI,La Crosse County,
22,1,29180,LA,Acadia Parish,
22,45,29180,LA,Iberia Parish,
22,55,29180,LA,Lafayette Parish,
22,99,29180,LA,St. Martin Parish,
22,113,29180,LA,Vermilion Parish,
18,7,29200,IN,Benton County,
18,15,29200,IN,Carroll County,
18,157,29200,IN,Tippecanoe County,
18,171,29200,IN,Warren County,
41,61,29260,OR,Union County,
1,17,29300,AL,Chambers County,
13,285,29300,GA,Troup County,
22,19,29340,LA,Calcasieu Parish,
22,23,29340,LA,Cameron Parish,
12,23,29380,FL,Columbia County,
4,15,29420,AZ,Mohave County,
12,105,29460,FL,Polk County,
48,115,29500,TX,Dawson County,
42,71,29540,PA,Lancaster County,
26,37,29620,MI,Clinton County,
26,45,29620,MI,Eaton County,
26,65,29620,MI,Ingham County,
26,155,29620,MI,Shiawassee County,
56,1,29660,WY,Albany County,
48,479,29700,TX,Webb County,
35,13,29740,NM,Dona Ana County,
35,33,29780,NM,Mora County,
35,47,29780,NM,San Miguel County,
32,3,29820,NV,Clark County,
28,61,29860,MS,Jasper County,
28,67,29860,MS,Jones County,
37,165,29900,NC,Scotland County,
20,45,29940,KS,Douglas County,
47,99,29980,TN,Lawrence County,
40,31,30020,OK,Comanche County,
40,33,30020,OK,Cotton County,
29,105,30060,MO,Laclede County,
33,9,30100,NH,Grafton County,
33,19,30100,NH,Sullivan County,
50,17,30100,VT,Orange County,
50,27,30100,VT,Windsor County,
42,75,30140,PA,Lebanon County,
48,219,30220,TX,Hockley County,
42,119,30260,PA,Union County,
47,117,30280,TN,Marshall County,
16,69,30300,ID,Nez Perce County,
53,3,30300,WA,Asotin County,
23,1,30340,ME,Androscoggin County,
42,87,30380,PA,Mifflin County,
31,47,30420,NE,Dawson County,
31,73,30420,NE,Gosper County,
21,17,30460,KY,Bourbon County,
21,49,30460,KY,Clark County,
21,67,30460,KY,Fayette County,
21,113,30460,KY,Jessamine County,
21,209,30460,KY,Scott County,
21,239,30460,KY,Woodford County,
20,175,30580,KS,Seward County,
39,3,30620,OH,Allen County,
17,107,30660,IL,Logan County,
31,109,30700,NE,Lancaster County,
31,159,30700,NE,Seward County,
5,45,30780,AR,Faulkner County,
5,53,30780,AR,Grant County,
5,85,30780,AR,Lonoke County,
5,105,30780,AR,Perry County,
5,119,30780,AR,Pulaski County,
5,125,30780,AR,Saline County,
42,35,30820,PA,Clinton County,
16,41,30860,ID,Franklin County,
49,5,30860,UT,Cache County,
18,17,30900,IN,Cass County,
21,51,30940,KY,Clay County,
21,121,30940,KY,Knox County,
21,125,30940,KY,Laurel County,
21,235,30940,KY,Whitley County,
48,183,30980,TX,Gregg County,
48,203,30980,TX,Harrison County,
48,401,30980,TX,Rusk County,
48,459,30980,TX,Upshur County,
53,15,31020,WA,Cowlitz County,
35,28,31060,NM,Los Alamos County,
6,37,31080,CA,Los Angeles County,
6,59,31080,CA,Orange County,
18,19,31140,IN,Clark County,
18,43,31140,IN,Floyd County,
18,61,31140,IN,Harrison County,
18,175,31140,IN,Washington County,
21,29,31140,KY,Bullitt County,
21,103,31140,KY,Henry County,
21,111,31140,KY,Jefferson County,
21,185,31140,KY,Oldham County,
21,211,31140,KY,Shelby County,
21,215,31140,KY,Spencer County,
48,107,31180,TX,Crosby County,
48,303,31180,TX,Lubbock County,
48,305,31180,TX,Lynn County,
26,105,31220,MI,Mason County,
48,5,31260,TX,Angelina County,
37,155,31300,NC,Robeson County,
51,9,31340,VA,Amherst County,
51,11,31340,VA,Appomattox County,
51,19,31340,VA,Bedford County,
51,31,31340,VA,Campbell County,
51,680,31340,VA,Lynchburg city,
17,109,31380,IL,McDonough County,
13,21,31420,GA,Bibb County,
13,79,31420,GA,Crawford County,
13,169,31420,GA,Jones County,
13,207,31420,GA,Monroe County,
13,289,31420,GA,Twiggs County,
6,39,31460,CA,Madera County,
18,77,31500,IN,Jefferson County,
55,21,31540,WI,Columbia County,
55,25,31540,WI,Dane County,
55,45,31540,WI,Green County,
55,49,31540,WI,Iowa County,
21,107,31580,KY,Hopkins County,
5,27,31620,AR,Columbia County,
36,33,31660,NY,Franklin County,
5,59,31680,AR,Hot Spring County,
33,11,31700,NH,Hillsborough County,
20,61,31740,KS,Geary County,
20,149,31740,KS,Pottawatomie County,
20,161,31740,KS,Riley County,
55,71,31820,WI,Manitowoc County,
27,13,31860,MN,Blue Earth County,
27,103,31860,MN,Nicollet County,
39,139,31900,OH,Richland County,
39,167,31930,OH,Washington County,
26,109,31940,MI,Menominee County,
55,75,31940,WI,Marinette County,
18,53,31980,IN,Grant County,
37,111,32000,NC,McDowell County,
39,101,32020,OH,Marion County,
26,103,32100,MI,Marquette County,
27,83,32140,MN,Lyon County,
29,195,32180,MO,Saline County,
19,127,32260,IA,Marshall County,
47,183,32280,TN,Weakley County,
51,89,32300,VA,Henry County,
51,690,32300,VA,Martinsville city,
29,147,32340,MO,Nodaway County,
19,33,32380,IA,Cerro Gordo County,
19,195,32380,IA,Worth County,
72,67,32420,PR,Hormigueros Municipio,
72,83,32420,PR,Las Marias Municipio,
72,97,32420,PR,Mayaguez Municipio,
21,83,32460,KY,Graves County,
21,161,32500,KY,Mason County,
40,121,32540,OK,Pittsburg County,
48,215,32580,TX,Hidalgo County,
28,113,32620,MS,Pike County,
47,177,32660,TN,Warren County,
20,113,32700,KS,McPherson County,
42,39,32740,PA,Crawford County,
41,29,32780,OR,Jackson County,
5,35,32820,AR,Crittenden County,
28,33,32820,MS,DeSoto County,
28,93,32820,MS,Marshall County,
28,137,32820,MS,Tate County,
28,143,32820,MS,Tunica County,
47,47,32820,TN,Fayette County,
47,157,32820,TN,Shelby County,
47,167,32820,TN,Tipton County,
55,33,32860,WI,Dunn County,
6,47,32900,CA,Merced County,
28,23,32940,MS,Clarke County,
28,69,32940,MS,Kemper County,
28,75,32940,MS,Lauderdale County,
29,7,33020,MO,Audrain County,
40,115,33060,OK,Ottawa County,
12,11,33100,FL,Broward County,
12,86,33100,FL,Miami-Dade County,
12,99,33100,FL,Palm Beach County,
18,91,33140,IN,LaPorte County,
21,13,33180,KY,Bell County,
26,111,33220,MI,Midland County,
48,317,33260,TX,Martin County,
48,329,33260,TX,Midland County,
13,9,33300,GA,Baldwin County,
13,141,33300,GA,Hancock County,
55,79,33340,WI,Milwaukee County,
55,89,33340,WI,Ozaukee County,
55,131,33340,WI,Washington County,
55,133,33340,WI,Waukesha County,
22,119,33380,LA,Webster Parish,
48,363,33420,TX,Palo Pinto County,
27,3,33460,MN,Anoka County,
27,19,33460,MN,Carver County,
27,25,33460,MN,Chisago County,
27,37,33460,MN,Dakota County,
27,53,33460,MN,Hennepin County,
27,59,33460,MN,Isanti County,
27,79,33460,MN,Le Sueur County,
27,95,33460,MN,Mille Lacs County,
27,123,33460,MN,Ramsey County,
27,139,33460,MN,Scott County,
27,141,33460,MN,Sherburne County,
27,163,33460,MN,Washington County,
27,171,33460,MN,Wright County,
55,93,33460,WI,Pierce County,
55,109,33460,WI,St. Croix County,
38,49,33500,ND,McHenry County,
38,75,33500,ND,Renville County,
38,101,33500,ND,Ward County,
30,63,33540,MT,Missoula County,
46,35,33580,SD,Davison County,
46,61,33580,SD,Hanson County,
29,175,33620,MO,Randolph County,
1,97,33660,AL,Mobile County,
1,129,33660,AL,Washington County,
6,99,33700,CA,Stanislaus County,
22,67,33740,LA,Morehouse Parish,
22,73,33740,LA,Ouachita Parish,
22,111,33740,LA,Union Parish,
26,115,33780,MI,Monroe County,
1,1,33860,AL,Autauga County,
1,51,33860,AL,Elmore County,
1,85,33860,AL,Lowndes County,
1,101,33860,AL,Montgomery County,
8,85,33940,CO,Montrose County,
8,91,33940,CO,Ouray County,
37,31,33980,NC,Carteret County,
22,101,34020,LA,St. Mary Parish,
54,61,34060,WV,Monongalia County,
54,77,34060,WV,Preston County,
47,57,34100,TN,Grainger County,
47,63,34100,TN,Hamblen County,
47,89,34100,TN,Jefferson County,
16,57,34140,ID,Latah County,
53,25,34180,WA,Grant County,
13,71,34220,GA,Colquitt County,
5,5,34260,AR,Baxter County,
16,39,34300,ID,Elmore County,
37,171,34340,NC,Surry County,
54,45,34350,WV,Logan County,
26,73,34380,MI,Isabella County,
48,63,34420,TX,Camp County,
48,449,34420,TX,Titus County,
21,11,34460,KY,Bath County,
21,165,34460,KY,Menifee County,
21,173,34460,KY,Montgomery County,
17,81,34500,IL,Jefferson County,
39,83,34540,OH,Knox County,
53,57,34580,WA,Skagit County,
18,35,34620,IN,Delaware County,
21,35,34660,KY,Calloway County,
19,139,34700,IA,Muscatine County,
26,121,34740,MI,Muskegon County,
40,101,34780,OK,Muskogee County,
37,19,34820,NC,Brunswick County,
45,51,34820,SC,Horry County,
48,347,34860,TX,Nacogdoches County,
6,55,34900,CA,Napa County,
12,21,34940,FL,Collier County,
47,15,34980,TN,Cannon County,
47,21,34980,TN,Cheatham County,
47,37,34980,TN,Davidson County,
47,43,34980,TN,Dickson County,
47,111,34980,TN,Macon County,
47,119,34980,TN,Maury County,
47,147,34980,TN,Robertson County,
47,149,34980,TN,Rutherford County,
47,159,34980,TN,Smith County,
47,165,34980,TN,Sumner County,
47,169,34980,TN,Trousdale County,
47,187,34980,TN,Williamson County,
47,189,34980,TN,Wilson County,
22,29,35020,LA,Concordia Parish,
28,1,35020,MS,Adams County,
22,69,35060,LA,Natchitoches Parish,
37,49,35100,NC,Craven County,
37,103,35100,NC,Jones County,
37,137,35100,NC,Pamlico County,
45,71,35140,SC,Newberry County,
18,65,35220,IN,Henry County,
42,73,35260,PA,Lawrence County,
9,9,35300,CT,New Haven County,
22,51,35380,LA,Jefferson Parish,
22,71,35380,LA,Orleans Parish,
22,75,35380,LA,Plaquemines Parish,
22,87,35380,LA,St. Bernard Parish,
22,89,35380,LA,St. Charles Parish,
22,93,35380,LA,St. James Parish,
22,95,35380,LA,St. John the Baptist Parish,
22,103,35380,LA,St. Tammany Parish,
39,157,35420,OH,Tuscarawas County,
41,41,35440,OR,Lincoln County,
47,29,35460,TN,Cocke County,
27,15,35580,MN,Brown County,
34,3,35620,NJ,Bergen County,
34,13,35620,NJ,Essex County,
34,17,35620,NJ,Hudson County,
34,19,35620,NJ,Hunterdon County,
34,23,35620,NJ,Middlesex County,
34,25,35620,NJ,Monmouth County,
34,27,35620,NJ,Morris County,
34,29,35620,NJ,Ocean County,
34,31,35620,NJ,Passaic County,
34,35,35620,NJ,Somerset County,
34,37,35620,NJ,Sussex County,
34,39,35620,NJ,Union County,
36,5,35620,NY,Bronx County,
36,47,35620,NY,Kings County,
36,59,35620,NY,Nassau County,
36,61,35620,NY,New York County,
36,79,35620,NY,Putnam County,
36,81,35620,NY,Queens County,
36,85,35620,NY,Richmond County,
36,87,35620,NY,Rockland County,
36,103,35620,NY,Suffolk County,
36,119,35620,NY,Westchester County,
42,103,35620,PA,Pike County,
26,21,35660,MI,Berrien County,
4,23,35700,AZ,Santa Cruz County,
31,119,35740,NE,Madison County,
31,139,35740,NE,Pierce County,
31,167,35740,NE,Stanton County,
31,111,35820,NE,Lincoln County,
31,113,35820,NE,Logan County,
31,117,35820,NE,McPherson County,
12,81,35840,FL,Manatee County,
12,115,35840,FL,Sarasota County,
18,79,35860,IN,Jennings County,
37,193,35900,NC,Wilkes County,
39,77,35940,OH,Huron County,
9,11,35980,CT,New London County,
53,29,36020,WA,Island County,
12,83,36100,FL,Marion County,
34,9,36140,NJ,Cape May County,
48,135,36220,TX,Ector County,
49,3,36260,UT,Box Elder County,
49,11,36260,UT,Davis County,
49,29,36260,UT,Morgan County,
49,57,36260,UT,Weber County,
36,89,36300,NY,St. Lawrence County,
42,121,36340,PA,Venango County,
12,93,36380,FL,Okeechobee County,
40,17,36420,OK,Canadian County,
40,27,36420,OK,Cleveland County,
40,51,36420,OK,Grady County,
40,81,36420,OK,Lincoln County,
40,83,36420,OK,Logan County,
40,87,36420,OK,McClain County,
40,109,36420,OK,Oklahoma County,
36,9,36460,NY,Cattaraugus County,
53,67,36500,WA,Thurston County,
19,85,36540,IA,Harrison County,
19,129,36540,IA,Mills County,
19,155,36540,IA,Pottawattamie County,
31,25,36540,NE,Cass County,
31,55,36540,NE,Douglas County,
31,153,36540,NE,Sarpy County,
31,155,36540,NE,Saunders County,
31,177,36540,NE,Washington County,
36,77,36580,NY,Otsego County,
16,75,36620,ID,Payette County,
41,45,36620,OR,Malheur County,
22,97,36660,LA,St. Landry Parish,
45,75,36700,SC,Orangeburg County,
12,69,36740,FL,Lake County,
12,95,36740,FL,Orange County,
12,97,36740,FL,Osceola County,
12,117,36740,FL,Seminole County,
55,139,36780,WI,Winnebago County,
19,123,36820,IA,Mahaska County,
53,1,36830,WA,Adams County,
17,11,36837,IL,Bureau County,
17,99,36837,IL,LaSalle County,
17,155,36837,IL,Putnam County,
20,59,36840,KS,Franklin County,
19,179,36900,IA,Wapello County,
27,147,36940,MN,Steele County,
21,59,36980,KY,Daviess County,
21,91,36980,KY,Hancock County,
21,149,36980,KY,McLean County,
28,71,37060,MS,Lafayette County,
6,111,37100,CA,Ventura County,
1,45,37120,AL,Dale County,
17,127,37140,IL,Massac County,
21,7,37140,KY,Ballard County,
21,139,37140,KY,Livingston County,
21,145,37140,KY,McCracken County,
32,23,37220,NV,Nye County,
12,107,37260,FL,Putnam County,
48,1,37300,TX,Anderson County,
12,9,37340,FL,Brevard County,
48,179,37420,TX,Gray County,
48,393,37420,TX,Roberts County,
12,5,37460,FL,Bay County,
5,55,37500,AR,Greene County,
47,79,37540,TN,Henry County,
48,277,37580,TX,Lamar County,
54,105,37620,WV,Wirt County,
54,107,37620,WV,Wood County,
20,99,37660,KS,Labette County,
4,7,37740,AZ,Gila County,
48,163,37770,TX,Frio County,
48,301,37780,TX,Loving County,
48,389,37780,TX,Reeves County,
19,125,37800,IA,Marion County,
12,33,37860,FL,Escambia County,
12,113,37860,FL,Santa Rosa County,
17,57,37900,IL,Fulton County,
17,123,37900,IL,Marshall County,
17,143,37900,IL,Peoria County,
17,175,37900,IL,Stark County,
17,179,37900,IL,Tazewell County,
17,203,37900,IL,Woodford County,
18,103,37940,IN,Miami County,
10,3,37980,DE,New Castle County,
24,15,37980,MD,Cecil County,
34,5,37980,NJ,Burlington County,
34,7,37980,NJ,Camden County,
34,15,37980,NJ,Gloucester County,
34,33,37980,NJ,Salem County,
42,17,37980,PA,Bucks County,
42,29,37980,PA,Chester County,
42,45,37980,PA,Delaware County,
42,91,37980,PA,Montgomery County,
42,101,37980,PA,Philadelphia County,
4,13,38060,AZ,Maricopa County,
4,21,38060,AZ,Pinal County,
28,109,38100,MS,Pearl River County,
46,65,38180,SD,Hughes County,
46,117,38180,SD,Stanley County,
5,25,38220,AR,Cleveland County,
5,69,38220,AR,Jefferson County,
5,79,38220,AR,Lincoln County,
37,125,38240,NC,Moore County,
20,37,38260,KS,Crawford County,
42,3,38300,PA,Allegheny County,
42,5,38300,PA,Armstrong County,
42,7,38300,PA,Beaver County,
42,19,38300,PA,Butler County,
42,51,38300,PA,Fayette County,
42,125,38300,PA,Washington County,
42,129,38300,PA,Westmoreland County,
25,3,38340,MA,Berkshire County,
48,189,38380,TX,Hale County,
55,43,38420,WI,Grant County,
36,19,38460,NY,Clinton County,
18,99,38500,IN,Marshall County,
16,5,38540,ID,Bannock County,
16,77,38540,ID,Power County,
39,53,38580,OH,Gallia County,
54,53,38580,WV,Mason County,
40,71,38620,OK,Kay County,
72,1,38660,PR,Adjuntas Municipio,
72,75,38660,PR,Juana Diaz Municipio,
72,113,38660,PR,Ponce Municipio,
72,149,38660,PR,Villalba Municipio,
17,105,38700,IL,Livingston County,
29,23,38740,MO,Butler County,
29,181,38740,MO,Ripley County,
35,41,38780,NM,Roosevelt County,
53,9,38820,WA,Clallam County,
23,5,38860,ME,Cumberland County,
23,23,38860,ME,Sagadahoc County,
23,31,38860,ME,York County,
41,5,38900,OR,Clackamas County,
41,9,38900,OR,Columbia County,
41,51,38900,OR,Multnomah County,
41,67,38900,OR,Washington County,
41,71,38900,OR,Yamhill County,
53,11,38900,WA,Clark County,
53,59,38900,WA,Skamania County,
48,57,38920,TX,Calhoun County,
12,85,38940,FL,Martin County,
12,111,38940,FL,St. Lucie County,
39,145,39020,OH,Scioto County,
42,107,39060,PA,Schuylkill County,
36,27,39100,NY,Dutchess County,
36,71,39100,NY,Orange County,
4,25,39150,AZ,Yavapai County,
49,7,39220,UT,Carbon County,
41,13,39260,OR,Crook County,
25,5,39300,MA,Bristol County,
44,1,39300,RI,Bristol County,
44,3,39300,RI,Kent County,
44,5,39300,RI,Newport County,
44,7,39300,RI,Providence County,
44,9,39300,RI,Washington County,
49,23,39340,UT,Juab County,
49,49,39340,UT,Utah County,
8,101,39380,CO,Pueblo County,
53,75,39420,WA,Whitman County,
12,15,39460,FL,Charlotte County,
17,1,39500,IL,Adams County,
29,111,39500,MO,Lewis County,
55,101,39540,WI,Racine County,
37,69,39580,NC,Franklin County,
37,101,39580,NC,Johnston County,
37,183,39580,NC,Wake County,
46,93,39660,SD,Meade County,
46,103,39660,SD,Pennington County,
48,489,39700,TX,Willacy County,
42,11,39740,PA,Berks County,
6,103,39780,CA,Tehama County,
6,89,39820,CA,Shasta County,
27,49,39860,MN,Goodhue County,
32,29,39900,NV,Storey County,
32,31,39900,NV,Washoe County,
16,43,39940,ID,Fremont County,
16,65,39940,ID,Madison County,
18,177,39980,IN,Wayne County,
51,7,40060,VA,Amelia County,
51,36,40060,VA,Charles City County,
51,41,40060,VA,Chesterfield County,
51,53,40060,VA,Dinwiddie County,
51,75,40060,VA,Goochland County,
51,85,40060,VA,Hanover County,
51,87,40060,VA,Henrico County,
51,97,40060,VA,King and Queen County,
51,101,40060,VA,King William County,
51,127,40060,VA,New Kent County,
51,145,40060,VA,Powhatan County,
51,149,40060,VA,Prince George County,
51,183,40060,VA,Sussex County,
51,570,40060,VA,Colonial Heights city,
51,670,40060,VA,Hopewell city,
51,730,40060,VA,Petersburg city,
51,760,40060,VA,Richmond city,
21,65,40080,KY,Estill County,
21,151,40080,KY,Madison County,
48,427,40100,TX,Starr County,
6,65,40140,CA,Riverside County,
6,71,40140,CA,San Bernardino County,
56,13,40180,WY,Fremont County,
51,23,40220,VA,Botetourt County,
51,45,40220,VA,Craig County,
51,67,40220,VA,Franklin County,
51,161,40220,VA,Roanoke County,
51,770,40220,VA,Roanoke city,
51,775,40220,VA,Salem city,
37,83,40260,NC,Halifax County,
37,131,40260,NC,Northampton County,
17,141,40300,IL,Ogle County,
27,39,40340,MN,Dodge County,
27,45,40340,MN,Fillmore County,
27,109,40340,MN,Olmsted County,
27,157,40340,MN,Wabasha County,
36,51,40380,NY,Livingston County,
36,55,40380,NY,Monroe County,
36,69,40380,NY,Ontario County,
36,73,40380,NY,Orleans County,
36,117,40380,NY,Wayne County,
36,123,40380,NY,Yates County,
17,7,40420,IL,Boone County,
17,201,40420,IL,Winnebago County,
37,153,40460,NC,Richmond County,
48,7,40530,TX,Aransas County,
56,37,40540,WY,Sweetwater County,
37,65,40580,NC,Edgecombe County,
37,127,40580,NC,Nash County,
29,161,40620,MO,Phelps County,
13,115,40660,GA,Floyd County,
41,19,40700,OR,Douglas County,
35,5,40740,NM,Chaves County,
35,27,40760,NM,Lincoln County,
5,115,40780,AR,Pope County,
5,149,40780,AR,Yell County,
22,61,40820,LA,Lincoln Parish,
50,21,40860,VT,Rutland County,
6,17,40900,CA,El Dorado County,
6,61,40900,CA,Placer County,
6,67,40900,CA,Sacramento County,
6,113,40900,CA,Yolo County,
4,9,40940,AZ,Graham County,
26,145,40980,MI,Saginaw County,
27,9,41060,MN,Benton County,
27,145,41060,MN,Stearns County,
49,53,41100,UT,Washington County,
20,43,41140,KS,Doniphan County,
29,3,41140,MO,Andrew County,
29,21,41140,MO,Buchanan County,
29,63,41140,MO,DeKalb County,
17,5,41180,IL,Bond County,
17,13,41180,IL,Calhoun County,
17,27,41180,IL,Clinton County,
17,83,41180,IL,Jersey County,
17,117,41180,IL,Macoupin County,
17,119,41180,IL,Madison County,
17,133,41180,IL,Monroe County,
17,163,41180,IL,St. Clair County,
29,71,41180,MO,Franklin County,
29,99,41180,MO,Jefferson County,
29,113,41180,MO,Lincoln County,
29,183,41180,MO,St. Charles County,
29,189,41180,MO,St. Louis County,
29,219,41180,MO,Warren County,
29,510,41180,MO,St. Louis city,
13,39,41220,GA,Camden County,
42,47,41260,PA,Elk County,
39,29,41400,OH,Columbiana County,
41,47,41420,OR,Marion County,
41,53,41420,OR,Polk County,
20,143,41460,KS,Ottawa County,
20,169,41460,KS,Saline County,
6,53,41500,CA,Monterey County,
10,5,41540,DE,Sussex County,
24,39,41540,MD,Somerset County,
24,45,41540,MD,Wicomico County,
24,47,41540,MD,Worcester County,
49,35,41620,UT,Salt Lake County,
49,45,41620,UT,Tooele County,
48,235,41660,TX,Irion County,
48,431,41660,TX,Sterling County,
48,451,41660,TX,Tom Green County,
48,13,41700,TX,Atascosa County,
48,19,41700,TX,Bandera County,
48,29,41700,TX,Bexar County,
48,91,41700,TX,Comal County,
48,187,41700,TX,Guadalupe County,
48,259,41700,TX,Kendall County,
48,325,41700,TX,Medina County,
48,493,41700,TX,Wilson County,
6,73,41740,CA,San Diego County,
16,17,41760,ID,Bonner County,
39,43,41780,OH,Erie County,
37,105,41820,NC,Lee County,
6,1,41860,CA,Alameda County,
6,13,41860,CA,Contra Costa County,
6,41,41860,CA,Marin County,
6,75,41860,CA,San Francisco County,
6,81,41860,CA,San Mateo County,
72,23,41900,PR,Cabo Rojo Municipio,
72,79,41900,PR,Lajas Municipio,
72,121,41900,PR,Sabana Grande Municipio,
72,125,41900,PR,San German Municipio,
6,69,41940,CA,San Benito County,
6,85,41940,CA,Santa Clara County,
72,7,41980,PR,Aguas Buenas Municipio,
72,9,41980,PR,Aibonito Municipio,
72,17,41980,PR,Barceloneta Municipio,
72,19,41980,PR,Barranquitas Municipio,
72,21,41980,PR,Bayamon Municipio,
72,25,41980,PR,Caguas Municipio,
72,29,41980,PR,Canovanas Municipio,
72,31,41980,PR,Carolina Municipio,
72,33,41980,PR,Catano Municipio,
72,35,41980,PR,Cayey Municipio,
72,37,41980,PR,Ceiba Municipio,
72,39,41980,PR,Ciales Municipio,
72,41,41980,PR,Cidra Municipio,
72,45,41980,PR,Comerio Municipio,
72,47,41980,PR,Corozal Municipio,
72,51,41980,PR,Dorado Municipio,
72,53,41980,PR,Fajardo Municipio,
72,54,41980,PR,Florida Municipio,
72,61,41980,PR,Guaynabo Municipio,
72,63,41980,PR,Gurabo Municipio,
72,69,41980,PR,Humacao Municipio,
72,77,41980,PR,Juncos Municipio,
72,85,41980,PR,Las Piedras Municipio,
72,87,41980,PR,Loiza Municipio,
72,89,41980,PR,Luquillo Municipio,
72,91,41980,PR,Manati Municipio,
72,95,41980,PR,Maunabo Municipio,
72,101,41980,PR,Morovis Municipio,
72,103,41980,PR,Naguabo Municipio,
72,105,41980,PR,Naranjito Municipio,
72,107,41980,PR,Orocovis Municipio,
72,119,41980,PR,Rio Grande Municipio,
72,127,41980,PR,San Juan Municipio,
72,129,41980,PR,San Lorenzo Municipio,
72,135,41980,PR,Toa Alta Municipio,
72,137,41980,PR,Toa Baja Municipio,
72,139,41980,PR,Trujillo Alto Municipio,
72,143,41980,PR,Vega Alta Municipio,
72,145,41980,PR,Vega Baja Municipio,
72,151,41980,PR,Yabucoa Municipio,
6,79,42020,CA,San Luis Obispo County,
6,87,42100,CA,Santa Cruz County,
35,49,42140,NM,Santa Fe County,
72,133,42180,PR,Santa Isabel Municipio,
6,83,42200,CA,Santa Barbara County,
6,97,42220,CA,Sonoma County,
26,33,42300,MI,Chippewa County,
13,29,42340,GA,Bryan County,
13,51,42340,GA,Chatham County,
13,103,42340,GA,Effingham County,
42,15,42380,PA,Bradford County,
31,7,42420,NE,Banner County,
31,157,42420,NE,Scotts Bluff County,
31,165,42420,NE,Sioux County,
1,71,42460,AL,Jackson County,
18,143,42500,IN,Scott County,
42,69,42540,PA,Lackawanna County,
42,79,42540,PA,Luzerne County,
42,131,42540,PA,Wyoming County,
5,145,42620,AR,White County,
53,33,42660,WA,King County,
53,53,42660,WA,Pierce County,
53,61,42660,WA,Snohomish County,
12,61,42680,FL,Indian River County,
12,55,42700,FL,Highlands County,
29,159,42740,MO,Pettis County,
42,109,42780,PA,Snyder County,
1,47,42820,AL,Dallas County,
45,73,42860,SC,Oconee County,
36,99,42900,NY,Seneca County,
47,155,42940,TN,Sevier County,
18,71,42980,IN,Jackson County,
55,78,43020,WI,Menominee County,
55,115,43020,WI,Shawano County,
40,125,43060,OK,Pottawatomie County,
55,117,43100,WI,Sheboygan County,
37,45,43140,NC,Cleveland County,
47,3,43180,TN,Bedford County,
53,45,43220,WA,Mason County,
56,33,43260,WY,Sheridan County,
48,181,43300,TX,Grayson County,
4,17,43320,AZ,Navajo County,
22,15,43340,LA,Bossier Parish,
22,17,43340,LA,Caddo Parish,
22,31,43340,LA,De Soto Parish,
39,149,43380,OH,Shelby County,
4,3,43420,AZ,Cochise County,
29,201,43460,MO,Scott County,
35,17,43500,NM,Grant County,
19,193,43580,IA,Woodbury County,
31,43,43580,NE,Dakota County,
31,51,43580,NE,Dixon County,
46,127,43580,SD,Union County,
46,83,43620,SD,Lincoln County,
46,87,43620,SD,McCook County,
46,99,43620,SD,Minnehaha County,
46,125,43620,SD,Turner County,
48,415,43660,TX,Scurry County,
21,199,43700,KY,Pulaski County,
42,111,43740,PA,Somerset County,
6,109,43760,CA,Tuolumne County,
18,141,43780,IN,St. Joseph County,
26,27,43780,MI,Cass County,
45,83,43900,SC,Spartanburg County,
46,81,43940,SD,Lawrence County,
19,41,43980,IA,Clay County,
19,59,44020,IA,Dickinson County,
53,63,44060,WA,Spokane County,
53,65,44060,WA,Stevens County,
17,129,44100,IL,Menard County,
17,167,44100,IL,Sangamon County,
25,11,44140,MA,Franklin County,
25,13,44140,MA,Hampden County,
25,15,44140,MA,Hampshire County,
29,43,44180,MO,Christian County,
29,59,44180,MO,Dallas County,
29,77,44180,MO,Greene County,
29,167,44180,MO,Polk County,
29,225,44180,MO,Webster County,
39,23,44220,OH,Clark County,
28,105,44260,MS,Oktibbeha County,
28,155,44260,MS,Webster County,
42,27,44300,PA,Centre County,
13,31,44340,GA,Bulloch County,
51,15,44420,VA,Augusta County,
51,790,44420,VA,Staunton city,
51,820,44420,VA,Waynesboro city,
8,107,44460,CO,Routt County,
48,143,44500,TX,Erath County,
8,75,44540,CO,Logan County,
17,195,44580,IL,Whiteside County,
55,97,44620,WI,Portage County,
40,119,44660,OK,Payne County,
6,77,44700,CA,San Joaquin County,
19,21,44740,IA,Buena Vista County,
26,149,44780,MI,St. Joseph County,
48,223,44860,TX,Hopkins County,
13,55,44900,GA,Chattooga County,
45,27,44940,SC,Clarendon County,
45,85,44940,SC,Sumter County,
42,97,44980,PA,Northumberland County,
6,35,45000,CA,Lassen County,
48,353,45020,TX,Nolan County,
36,53,45060,NY,Madison County,
36,67,45060,NY,Onondaga County,
36,75,45060,NY,Oswego County,
40,21,45140,OK,Cherokee County,
1,121,45180,AL,Talladega County,
12,39,45220,FL,Gadsden County,
12,65,45220,FL,Jefferson County,
12,73,45220,FL,Leon County,
12,129,45220,FL,Wakulla County,
12,53,45300,FL,Hernando County,
12,57,45300,FL,Hillsborough County,
12,101,45300,FL,Pasco County,
12,103,45300,FL,Pinellas County,
35,55,45340,NM,Taos County,
17,21,45380,IL,Christian County,
18,21,45460,IN,Clay County,
18,121,45460,IN,Parke County,
18,153,45460,IN,Sullivan County,
18,165,45460,IN,Vermillion County,
18,167,45460,IN,Vigo County,
5,81,45500,AR,Little River County,
5,91,45500,AR,Miller County,
48,37,45500,TX,Bowie County,
41,65,45520,OR,Wasco County,
12,119,45540,FL,Sumter County,
13,293,45580,GA,Upson County,
13,275,45620,GA,Thomas County,
39,147,45660,OH,Seneca County,
13,277,45700,GA,Tift County,
13,257,45740,GA,Stephens County,
39,51,45780,OH,Fulton County,
39,95,45780,OH,Lucas County,
39,123,45780,OH,Ottawa County,
39,173,45780,OH,Wood County,
20,85,45820,KS,Jackson County,
20,87,45820,KS,Jefferson County,
20,139,45820,KS,Osage County,
20,177,45820,KS,Shawnee County,
20,197,45820,KS,Wabaunsee County,
9,5,45860,CT,Litchfield County,
26,19,45900,MI,Benzie County,
26,55,45900,MI,Grand Traverse County,
26,79,45900,MI,Kalkaska County,
26,89,45900,MI,Leelanau County,
34,21,45940,NJ,Mercer County,
1,109,45980,AL,Pike County,
6,57,46020,CA,Nevada County,
4,19,46060,AZ,Pima County,
47,31,46100,TN,Coffee County,
47,51,46100,TN,Franklin County,
47,127,46100,TN,Moore County,
40,37,46140,OK,Creek County,
40,111,46140,OK,Okmulgee County,
40,113,46140,OK,Osage County,
40,117,46140,OK,Pawnee County,
40,131,46140,OK,Rogers County,
40,143,46140,OK,Tulsa County,
40,145,46140,OK,Wagoner County,
28,57,46180,MS,Itawamba County,
28,81,46180,MS,Lee County,
28,115,46180,MS,Pontotoc County,
28,117,46180,MS,Prentiss County,
1,63,46220,AL,Greene County,
1,65,46220,AL,Hale County,
1,107,46220,AL,Pickens County,
1,125,46220,AL,Tuscaloosa County,
16,53,46300,ID,Jerome County,
16,83,46300,ID,Twin Falls County,
48,423,46340,TX,Smith County,
6,45,46380,CA,Mendocino County,
45,87,46420,SC,Union County,
47,131,46460,TN,Obion County,
39,21,46500,OH,Champaign County,
15,3,46520,HI,Honolulu County,
36,43,46540,NY,Herkimer County,
36,65,46540,NY,Oneida County,
48,463,46620,TX,Uvalde County,
13,27,46660,GA,Brooks County,
13,101,46660,GA,Echols County,
13,173,46660,GA,Lanier County,
13,185,46660,GA,Lowndes County,
6,95,46700,CA,Solano County,
39,161,46780,OH,Van Wert County,
46,27,46820,SD,Clay County,
49,47,46860,UT,Uintah County,
48,487,46900,TX,Wilbarger County,
28,149,46980,MS,Warren County,
48,175,47020,TX,Goliad County,
48,469,47020,TX,Victoria County,
13,209,47080,GA,Montgomery County,
13,279,47080,GA,Toombs County,
18,83,47180,IN,Knox County,
34,11,47220,NJ,Cumberland County,
25,7,47240,MA,Dukes County,
37,29,47260,NC,Camden County,
37,53,47260,NC,Currituck County,
37,73,47260,NC,Gates County,
51,73,47260,VA,Gloucester County,
51,93,47260,VA,Isle of Wight County,
51,95,47260,VA,James City County,
51,115,47260,VA,Mathews County,
51,175,47260,VA,Southampton County,
51,199,47260,VA,York County,
51,550,47260,VA,Chesapeake city,
51,620,47260,VA,Franklin city,
51,650,47260,VA,Hampton city,
51,700,47260,VA,Newport News city,
51,710,47260,VA,Norfolk city,
51,735,47260,VA,Poquoson city,
51,740,47260,VA,Portsmouth city,
51,800,47260,VA,Suffolk city,
51,810,47260,VA,Virginia Beach city,
51,830,47260,VA,Williamsburg city,
6,107,47300,CA,Tulare County,
18,169,47340,IN,Wabash County,
48,145,47380,TX,Falls County,
48,309,47380,TX,McLennan County,
27,167,47420,MN,Wilkin County,
38,77,47420,ND,Richland County,
53,71,47460,WA,Walla Walla County,
39,11,47540,OH,Auglaize County,
13,153,47580,GA,Houston County,
13,225,47580,GA,Peach County,
42,123,47620,PA,Warren County,
29,101,47660,MO,Johnson County,
18,85,47700,IN,Kosciusko County,
18,27,47780,IN,Daviess County,
37,13,47820,NC,Beaufort County,
11,1,47900,DC,District of Columbia,
24,9,47900,MD,Calvert County,
24,17,47900,MD,Charles County,
24,21,47900,MD,Frederick County,
24,31,47900,MD,Montgomery County,
24,33,47900,MD,Prince George's County,
51,13,47900,VA,Arlington County,
51,43,47900,VA,Clarke County,
51,47,47900,VA,Culpeper County,
51,59,47900,VA,Fairfax County,
51,61,47900,VA,Fauquier County,
51,107,47900,VA,Loudoun County,
51,113,47900,VA,Madison County,
51,153,47900,VA,Prince William County,
51,157,47900,VA,Rappahannock County,
51,177,47900,VA,Spotsylvania County,
51,179,47900,VA,Stafford County,
51,187,47900,VA,Warren County,
51,510,47900,VA,Alexandria city,
51,600,47900,VA,Fairfax city,
51,610,47900,VA,Falls Church city,
51,630,47900,VA,Fredericksburg city,
51,683,47900,VA,Manassas city,
51,685,47900,VA,Manassas Park city,
54,37,47900,WV,Jefferson County,
39,47,47920,OH,Fayette County,
19,13,47940,IA,Black Hawk County,
19,17,47940,IA,Bremer County,
19,75,47940,IA,Grundy County,
46,29,47980,SD,Codington County,
46,57,47980,SD,Hamlin County,
55,55,48020,WI,Jefferson County,
36,45,48060,NY,Jefferson County,
12,49,48100,FL,Hardee County,
55,69,48140,WI,Lincoln County,
55,73,48140,WI,Marathon County,
13,229,48180,GA,Pierce County,
13,299,48180,GA,Ware County,
40,39,48220,OK,Custer County,
39,81,48260,OH,Jefferson County,
54,9,48260,WV,Brooke County,
54,29,48260,WV,Hancock County,
53,7,48300,WA,Chelan County,
53,17,48300,WA,Douglas County,
29,91,48460,MO,Howell County,
28,25,48500,MS,Clay County,
39,13,48540,OH,Belmont County,
54,51,48540,WV,Marshall County,
54,69,48540,WV,Ohio County,
55,127,48580,WI,Walworth County,
20,15,48620,KS,Butler County,
20,79,48620,KS,Harvey County,
20,173,48620,KS,Sedgwick County,
20,191,48620,KS,Sumner County,
48,9,48660,TX,Archer County,
48,77,48660,TX,Clay County,
48,485,48660,TX,Wichita County,
42,81,48700,PA,Lycoming County,
38,105,48780,ND,Williams County,
27,67,48820,MN,Kandiyohi County,
37,129,48900,NC,New Hanover County,
37,141,48900,NC,Pender County,
39,27,48940,OH,Clinton County,
37,195,48980,NC,Wilson County,
51,69,49020,VA,Frederick County,
51,840,49020,VA,Winchester city,
54,27,49020,WV,Hampshire County,
20,35,49060,KS,Cowley County,
32,13,49080,NV,Humboldt County,
27,169,49100,MN,Winona County,
37,57,49180,NC,Davidson County,
37,59,49180,NC,Davie County,
37,67,49180,NC,Forsyth County,
37,169,49180,NC,Stokes County,
37,197,49180,NC,Yadkin County,
55,141,49220,WI,Wood County,
40,45,49260,OK,Ellis County,
40,153,49260,OK,Woodward County,
39,169,49300,OH,Wayne County,
9,15,49340,CT,Windham County,
25,27,49340,MA,Worcester County,
27,105,49380,MN,Nobles County,
53,77,49420,WA,Yakima County,
46,135,49460,SD,Yankton County,
72,55,49500,PR,Guanica Municipio,
72,59,49500,PR,Guayanilla Municipio,
72,111,49500,PR,Penuelas Municipio,
72,153,49500,PR,Yauco Municipio,
42,133,49620,PA,York County,
39,99,49660,OH,Mahoning County,
39,155,49660,OH,Trumbull County,
42,85,49660,PA,Mercer County,
6,101,49700,CA,Sutter County,
6,115,49700,CA,Yuba County,
4,27,49740,AZ,Yuma County,
39,119,49780,OH,Muskingum County,
48,505,49820,TX,Zapata County,
1,11,,AL,Bullock County,
1,13,,AL,Butler County,
1,19,,AL,Cherokee County,
1,23,,AL,Choctaw County,
1,25,,AL,Clarke County,
1,27,,AL,Clay County,
1,29,,AL,Cleburne County,
1,35,,AL,Conecuh County,
1,39,,AL,Covington County,
1,41,,AL,Crenshaw County,
1,57,,AL,Fayette County,
1,59,,AL,Franklin County,
1,75,,AL,Lamar County,
1,87,,AL,Macon County,
1,91,,AL,Marengo County,
1,93,,AL,Marion County,
1,99,,AL,Monroe County,
1,105,,AL,Perry County,
1,111,,AL,Randolph County,
1,119,,AL,Sumter County,
1,131,,AL,Wilcox County,
1,133,,AL,Winston County,
2,13,,AK,Aleutians East Borough,
2,16,,AK,Aleutians West Census Area,
2,50,,AK,Bethel Census Area,
2,60,,AK,Bristol Bay Borough,
2,68,,AK,Denali Borough,
2,70,,AK,Dillingham Census Area,
2,100,,AK,Haines Borough,
2,105,,AK,Hoonah-Angoon Census Area,
2,122,,AK,Kenai Peninsula Borough,
2,150,,AK,Kodiak Island Borough,
2,158,,AK,Kusilvak Census Area,
2,164,,AK,Lake and Peninsula Borough,
2,180,,AK,Nome Census Area,
2,185,,AK,North Slope Borough,
2,188,,AK,Northwest Arctic Borough,
2,195,,AK,Petersburg Census Area,
2,198,,AK,Prince of Wales-Hyder Census Area,
2,220,,AK,Sitka City and Borough,
2,230,,AK,Skagway Municipality,
2,240,,AK,Southeast Fairbanks Census Area,
2,261,,AK,Valdez-Cordova Census Area,
2,270,,AK,Wade Hampton Census Area,
2,275,,AK,Wrangell City and Borough,
2,282,,AK,Yakutat City and Borough,
2,290,,AK,Yukon-Koyukuk Census Area,
4,1,,AZ,Apache County,
4,11,,AZ,Greenlee County,
4,12,,AZ,La Paz County,
5,1,,AR,Arkansas County,
5,3,,AR,Ashley County,
5,11,,AR,Bradley County,
5,15,,AR,Carroll County,
5,17,,AR,Chicot County,
5,21,,AR,Clay County,
5,23,,AR,Cleburne County,
5,29,,AR,Conway County,
5,37,,AR,Cross County,
5,39,,AR,Dallas County,
5,41,,AR,Desha County,
5,43,,AR,Drew County,
5,49,,AR,Fulton County,
5,61,,AR,Howard County,
5,65,,AR,Izard County,
5,67,,AR,Jackson County,
5,71,,AR,Johnson County,
5,73,,AR,Lafayette County,
5,75,,AR,Lawrence County,
5,77,,AR,Lee County,
5,83,,AR,Logan County,
5,89,,AR,Marion County,
5,95,,AR,Monroe County,
5,97,,AR,Montgomery County,
5,109,,AR,Pike County,
5,113,,AR,Polk County,
5,117,,AR,Prairie County,
5,121,,AR,Randolph County,
5,127,,AR,Scott County,
5,129,,AR,Searcy County,
5,133,,AR,Sevier County,
5,137,,AR,Stone County,
5,141,,AR,Van Buren County,
5,147,,AR,Woodruff County,
6,3,,CA,Alpine County,
6,5,,CA,Amador County,
6,9,,CA,Calaveras County,
6,11,,CA,Colusa County,
6,21,,CA,Glenn County,
6,27,,CA,Inyo County,
6,43,,CA,Mariposa County,
6,49,,CA,Modoc County,
6,51,,CA,Mono County,
6,63,,CA,Plumas County,
6,91,,CA,Sierra County,
6,93,,CA,Siskiyou County,
6,105,,CA,Trinity County,
8,3,,CO,Alamosa County,
8,7,,CO,Archuleta County,
8,9,,CO,Baca County,
8,11,,CO,Bent County,
8,15,,CO,Chaffee County,
8,17,,CO,Cheyenne County,
8,21,,CO,Conejos County,
8,23,,CO,Costilla County,
8,25,,CO,Crowley County,
8,27,,CO,Custer County,
8,29,,CO,Delta County,
8,33,,CO,Dolores County,
8,49,,CO,Grand County,
8,51,,CO,Gunnison County,
8,53,,CO,Hinsdale County,
8,55,,CO,Huerfano County,
8,57,,CO,Jackson County,
8,61,,CO,Kiowa County,
8,63,,CO,Kit Carson County,
8,65,,CO,Lake County,
8,71,,CO,Las Animas County,
8,73,,CO,Lincoln County,
8,79,,CO,Mineral County,
8,83,,CO,Montezuma County,
8,89,,CO,Otero County,
8,95,,CO,Phillips County,
8,99,,CO,Prowers County,
8,103,,CO,Rio Blanco County,
8,105,,CO,Rio Grande County,
8,109,,CO,Saguache County,
8,111,,CO,San Juan County,
8,113,,CO,San Miguel County,
8,115,,CO,Sedgwick County,
8,121,,CO,Washington County,
8,125,,CO,Yuma County,
12,7,,FL,Bradford County,
12,13,,FL,Calhoun County,
12,29,,FL,Dixie County,
12,37,,FL,Franklin County,
12,43,,FL,Glades County,
12,45,,FL,Gulf County,
12,47,,FL,Hamilton County,
12,59,,FL,Holmes County,
12,63,,FL,Jackson County,
12,67,,FL,Lafayette County,
12,77,,FL,Liberty County,
12,79,,FL,Madison County,
12,121,,FL,Suwannee County,
12,123,,FL,Taylor County,
12,125,,FL,Union County,
12,133,,FL,Washington County,
13,1,,GA,Appling County,
13,5,,GA,Bacon County,
13,7,,GA,Baker County,
13,11,,GA,Banks County,
13,19,,GA,Berrien County,
13,23,,GA,Bleckley County,
13,37,,GA,Calhoun County,
13,43,,GA,Candler County,
13,49,,GA,Charlton County,
13,61,,GA,Clay County,
13,65,,GA,Clinch County,
13,75,,GA,Cook County,
13,91,,GA,Dodge County,
13,93,,GA,Dooly County,
13,99,,GA,Early County,
13,105,,GA,Elbert County,
13,107,,GA,Emanuel County,
13,109,,GA,Evans County,
13,111,,GA,Fannin County,
13,119,,GA,Franklin County,
13,123,,GA,Gilmer County,
13,125,,GA,Glascock County,
13,131,,GA,Grady County,
13,133,,GA,Greene County,
13,147,,GA,Hart County,
13,155,,GA,Irwin County,
13,161,,GA,Jeff Davis County,
13,163,,GA,Jefferson County,
13,165,,GA,Jenkins County,
13,187,,GA,Lumpkin County,
13,193,,GA,Macon County,
13,201,,GA,Miller County,
13,205,,GA,Mitchell County,
13,235,,GA,Pulaski County,
13,237,,GA,Putnam County,
13,241,,GA,Rabun County,
13,243,,GA,Randolph County,
13,251,,GA,Screven County,
13,253,,GA,Seminole County,
13,265,,GA,Taliaferro County,
13,267,,GA,Tattnall County,
13,269,,GA,Taylor County,
13,271,,GA,Telfair County,
13,281,,GA,Towns County,
13,287,,GA,Turner County,
13,291,,GA,Union County,
13,301,,GA,Warren County,
13,303,,GA,Washington County,
13,307,,GA,Webster County,
13,309,,GA,Wheeler County,
13,311,,GA,White County,
13,315,,GA,Wilcox County,
13,317,,GA,Wilkes County,
13,319,,GA,Wilkinson County,
15,5,,HI,Kalawao County,
16,3,,ID,Adams County,
16,7,,ID,Bear Lake County,
16,9,,ID,Benewah County,
16,21,,ID,Boundary County,
16,29,,ID,Caribou County,
16,33,,ID,Clark County,
16,35,,ID,Clearwater County,
16,37,,ID,Custer County,
16,47,,ID,Gooding County,
16,49,,ID,Idaho County,
16,59,,ID,Lemhi County,
16,61,,ID,Lewis County,
16,63,,ID,Lincoln County,
16,71,,ID,Oneida County,
16,79,,ID,Shoshone County,
16,85,,ID,Valley County,
16,87,,ID,Washington County,
17,9,,IL,Brown County,
17,15,,IL,Carroll County,
17,17,,IL,Cass County,
17,23,,IL,Clark County,
17,25,,IL,Clay County,
17,33,,IL,Crawford County,
17,39,,IL,De Witt County,
17,41,,IL,Douglas County,
17,45,,IL,Edgar County,
17,47,,IL,Edwards County,
17,51,,IL,Fayette County,
17,53,,IL,Ford County,
17,55,,IL,Franklin County,
17,59,,IL,Gallatin County,
17,61,,IL,Greene County,
17,65,,IL,Hamilton County,
17,69,,IL,Hardin County,
17,75,,IL,Iroquois County,
17,79,,IL,Jasper County,
17,85,,IL,Jo Daviess County,
17,101,,IL,Lawrence County,
17,125,,IL,Mason County,
17,135,,IL,Montgomery County,
17,139,,IL,Moultrie County,
17,145,,IL,Perry County,
17,149,,IL,Pike County,
17,151,,IL,Pope County,
17,153,,IL,Pulaski County,
17,157,,IL,Randolph County,
17,159,,IL,Richland County,
17,165,,IL,Saline County,
17,169,,IL,Schuyler County,
17,173,,IL,Shelby County,
17,181,,IL,Union County,
17,185,,IL,Wabash County,
17,187,,IL,Warren County,
17,189,,IL,Washington County,
17,191,,IL,Wayne County,
17,193,,IL,White County,
18,9,,IN,Blackford County,
18,25,,IN,Crawford County,
18,45,,IN,Fountain County,
18,49,,IN,Fulton County,
18,51,,IN,Gibson County,
18,55,,IN,Greene County,
18,75,,IN,Jay County,
18,87,,IN,LaGrange County,
18,101,,IN,Martin County,
18,117,,IN,Orange County,
18,123,,IN,Perry County,
18,131,,IN,Pulaski County,
18,135,,IN,Randolph County,
18,137,,IN,Ripley County,
18,139,,IN,Rush County,
18,147,,IN,Spencer County,
18,149,,IN,Starke County,
18,155,,IN,Switzerland County,
18,159,,IN,Tipton County,
18,179,,IN,Wells County,
18,181,,IN,White County,
19,1,,IA,Adair County,
19,3,,IA,Adams County,
19,5,,IA,Allamakee County,
19,7,,IA,Appanoose County,
19,9,,IA,Audubon County,
19,19,,IA,Buchanan County,
19,23,,IA,Butler County,
19,25,,IA,Calhoun County,
19,29,,IA,Cass County,
19,31,,IA,Cedar County,
19,35,,IA,Cherokee County,
19,37,,IA,Chickasaw County,
19,39,,IA,Clarke County,
19,43,,IA,Clayton County,
19,47,,IA,Crawford County,
19,51,,IA,Davis County,
19,53,,IA,Decatur County,
19,55,,IA,Delaware County,
19,63,,IA,Emmet County,
19,65,,IA,Fayette County,
19,67,,IA,Floyd County,
19,69,,IA,Franklin County,
19,71,,IA,Fremont County,
19,73,,IA,Greene County,
19,79,,IA,Hamilton County,
19,81,,IA,Hancock County,
19,83,,IA,Hardin County,
19,87,,IA,Henry County,
19,89,,IA,Howard County,
19,91,,IA,Humboldt County,
19,93,,IA,Ida County,
19,95,,IA,Iowa County,
19,97,,IA,Jackson County,
19,107,,IA,Keokuk County,
19,109,,IA,Kossuth County,
19,115,,IA,Louisa County,
19,117,,IA,Lucas County,
19,119,,IA,Lyon County,
19,131,,IA,Mitchell County,
19,133,,IA,Monona County,
19,135,,IA,Monroe County,
19,137,,IA,Montgomery County,
19,141,,IA,O'Brien County,
19,143,,IA,Osceola County,
19,145,,IA,Page County,
19,147,,IA,Palo Alto County,
19,149,,IA,Plymouth County,
19,151,,IA,Pocahontas County,
19,157,,IA,Poweshiek County,
19,159,,IA,Ringgold County,
19,161,,IA,Sac County,
19,165,,IA,Shelby County,
19,167,,IA,Sioux County,
19,171,,IA,Tama County,
19,173,,IA,Taylor County,
19,175,,IA,Union County,
19,177,,IA,Van Buren County,
19,185,,IA,Wayne County,
19,189,,IA,Winnebago County,
19,191,,IA,Winneshiek County,
19,197,,IA,Wright County,
20,1,,KS,Allen County,
20,3,,KS,Anderson County,
20,7,,KS,Barber County,
20,11,,KS,Bourbon County,
20,13,,KS,Brown County,
20,19,,KS,Chautauqua County,
20,21,,KS,Cherokee County,
20,23,,KS,Cheyenne County,
20,25,,KS,Clark County,
20,27,,KS,Clay County,
20,29,,KS,Cloud County,
20,31,,KS,Coffey County,
20,33,,KS,Comanche County,
20,39,,KS,Decatur County,
20,41,,KS,Dickinson County,
20,47,,KS,Edwards County,
20,49,,KS,Elk County,
20,53,,KS,Ellsworth County,
20,63,,KS,Gove County,
20,65,,KS,Graham County,
20,67,,KS,Grant County,
20,69,,KS,Gray County,
20,71,,KS,Greeley County,
20,73,,KS,Greenwood County,
20,75,,KS,Hamilton County,
20,77,,KS,Harper County,
20,81,,KS,Haskell County,
20,83,,KS,Hodgeman County,
20,89,,KS,Jewell County,
20,95,,KS,Kingman County,
20,97,,KS,Kiowa County,
20,101,,KS,Lane County,
20,105,,KS,Lincoln County,
20,109,,KS,Logan County,
20,115,,KS,Marion County,
20,117,,KS,Marshall County,
20,119,,KS,Meade County,
20,123,,KS,Mitchell County,
20,127,,KS,Morris County,
20,129,,KS,Morton County,
20,131,,KS,Nemaha County,
20,133,,KS,Neosho County,
20,135,,KS,Ness County,
20,137,,KS,Norton County,
20,141,,KS,Osborne County,
20,145,,KS,Pawnee County,
20,147,,KS,Phillips County,
20,151,,KS,Pratt County,
20,153,,KS,Rawlins County,
20,157,,KS,Republic County,
20,159,,KS,Rice County,
20,163,,KS,Rooks County,
20,165,,KS,Rush County,
20,167,,KS,Russell County,
20,171,,KS,Scott County,
20,179,,KS,Sheridan County,
20,181,,KS,Sherman County,
20,183,,KS,Smith County,
20,185,,KS,Stafford County,
20,187,,KS,Stanton County,
20,189,,KS,Stevens County,
20,193,,KS,Thomas County,
20,195,,KS,Trego County,
20,199,,KS,Wallace County,
20,201,,KS,Washington County,
20,203,,KS,Wichita County,
20,205,,KS,Wilson County,
20,207,,KS,Woodson County,
21,1,,KY,Adair County,
21,25,,KY,Breathitt County,
21,27,,KY,Breckinridge County,
21,33,,KY,Caldwell County,
21,39,,KY,Carlisle County,
21,41,,KY,Carroll County,
21,45,,KY,Casey County,
21,53,,KY,Clinton County,
21,55,,KY,Crittenden County,
21,57,,KY,Cumberland County,
21,63,,KY,Elliott County,
21,69,,KY,Fleming County,
21,71,,KY,Floyd County,
21,75,,KY,Fulton County,
21,79,,KY,Garrard County,
21,85,,KY,Grayson County,
21,95,,KY,Harlan County,
21,97,,KY,Harrison County,
21,99,,KY,Hart County,
21,105,,KY,Hickman County,
21,109,,KY,Jackson County,
21,115,,KY,Johnson County,
21,119,,KY,Knott County,
21,127,,KY,Lawrence County,
21,129,,KY,Lee County,
21,131,,KY,Leslie County,
21,133,,KY,Letcher County,
21,135,,KY,Lewis County,
21,141,,KY,Logan County,
21,143,,KY,Lyon County,
21,147,,KY,McCreary County,
21,153,,KY,Magoffin County,
21,155,,KY,Marion County,
21,157,,KY,Marshall County,
21,159,,KY,Martin County,
21,167,,KY,Mercer County,
21,171,,KY,Monroe County,
21,175,,KY,Morgan County,
21,181,,KY,Nicholas County,
21,183,,KY,Ohio County,
21,187,,KY,Owen County,
21,189,,KY,Owsley County,
21,193,,KY,Perry County,
21,195,,KY,Pike County,
21,197,,KY,Powell County,
21,201,,KY,Robertson County,
21,203,,KY,Rockcastle County,
21,205,,KY,Rowan County,
21,207,,KY,Russell County,
21,213,,KY,Simpson County,
21,219,,KY,Todd County,
21,223,,KY,Trimble County,
21,225,,KY,Union County,
21,229,,KY,Washington County,
21,231,,KY,Wayne County,
21,233,,KY,Webster County,
21,237,,KY,Wolfe County,
22,3,,LA,Allen Parish,
22,9,,LA,Avoyelles Parish,
22,13,,LA,Bienville Parish,
22,21,,LA,Caldwell Parish,
22,25,,LA,Catahoula Parish,
22,27,,LA,Claiborne Parish,
22,35,,LA,East Carroll Parish,
22,39,,LA,Evangeline Parish,
22,41,,LA,Franklin Parish,
22,49,,LA,Jackson Parish,
22,59,,LA,La Salle Parish,
22,65,,LA,Madison Parish,
22,81,,LA,Red River Parish,
22,83,,LA,Richland Parish,
22,85,,LA,Sabine Parish,
22,107,,LA,Tensas Parish,
22,123,,LA,West Carroll Parish,
22,127,,LA,Winn Parish,
23,3,,ME,Aroostook County,
23,7,,ME,Franklin County,
23,9,,ME,Hancock County,
23,13,,ME,Knox County,
23,15,,ME,Lincoln County,
23,17,,ME,Oxford County,
23,21,,ME,Piscataquis County,
23,25,,ME,Somerset County,
23,27,,ME,Waldo County,
23,29,,ME,Washington County,
24,11,,MD,Caroline County,
24,23,,MD,Garrett County,
24,29,,MD,Kent County,
25,19,,MA,Nantucket County,
26,1,,MI,Alcona County,
26,3,,MI,Alger County,
26,9,,MI,Antrim County,
26,11,,MI,Arenac County,
26,13,,MI,Baraga County,
26,15,,MI,Barry County,
26,29,,MI,Charlevoix County,
26,31,,MI,Cheboygan County,
26,35,,MI,Clare County,
26,39,,MI,Crawford County,
26,47,,MI,Emmet County,
26,51,,MI,Gladwin County,
26,53,,MI,Gogebic County,
26,63,,MI,Huron County,
26,69,,MI,Iosco County,
26,71,,MI,Iron County,
26,85,,MI,Lake County,
26,95,,MI,Luce County,
26,97,,MI,Mackinac County,
26,101,,MI,Manistee County,
26,119,,MI,Montmorency County,
26,123,,MI,Newaygo County,
26,127,,MI,Oceana County,
26,129,,MI,Ogemaw County,
26,131,,MI,Ontonagon County,
26,133,,MI,Osceola County,
26,135,,MI,Oscoda County,
26,137,,MI,Otsego County,
26,141,,MI,Presque Isle County,
26,143,,MI,Roscommon County,
26,151,,MI,Sanilac County,
26,153,,MI,Schoolcraft County,
26,157,,MI,Tuscola County,
26,159,,MI,Van Buren County,
27,1,,MN,Aitkin County,
27,5,,MN,Becker County,
27,11,,MN,Big Stone County,
27,23,,MN,Chippewa County,
27,29,,MN,Clearwater County,
27,31,,MN,Cook County,
27,33,,MN,Cottonwood County,
27,43,,MN,Faribault County,
27,51,,MN,Grant County,
27,57,,MN,Hubbard County,
27,63,,MN,Jackson County,
27,65,,MN,Kanabec County,
27,69,,MN,Kittson County,
27,71,,MN,Koochiching County,
27,73,,MN,Lac qui Parle County,
27,77,,MN,Lake of the Woods County,
27,81,,MN,Lincoln County,
27,87,,MN,Mahnomen County,
27,89,,MN,Marshall County,
27,93,,MN,Meeker County,
27,97,,MN,Morrison County,
27,101,,MN,Murray County,
27,107,,MN,Norman County,
27,113,,MN,Pennington County,
27,115,,MN,Pine County,
27,117,,MN,Pipestone County,
27,121,,MN,Pope County,
27,125,,MN,Red Lake County,
27,127,,MN,Redwood County,
27,129,,MN,Renville County,
27,133,,MN,Rock County,
27,135,,MN,Roseau County,
27,143,,MN,Sibley County,
27,149,,MN,Stevens County,
27,151,,MN,Swift County,
27,153,,MN,Todd County,
27,155,,MN,Traverse County,
27,159,,MN,Wadena County,
27,161,,MN,Waseca County,
27,165,,MN,Watonwan County,
27,173,,MN,Yellow Medicine County,
28,5,,MS,Amite County,
28,7,,MS,Attala County,
28,9,,MS,Benton County,
28,13,,MS,Calhoun County,
28,17,,MS,Chickasaw County,
28,19,,MS,Choctaw County,
28,21,,MS,Claiborne County,
28,37,,MS,Franklin County,
28,39,,MS,George County,
28,41,,MS,Greene County,
28,53,,MS,Humphreys County,
28,55,,MS,Issaquena County,
28,63,,MS,Jefferson County,
28,65,,MS,Jefferson Davis County,
28,77,,MS,Lawrence County,
28,79,,MS,Leake County,
28,91,,MS,Marion County,
28,95,,MS,Monroe County,
28,97,,MS,Montgomery County,
28,99,,MS,Neshoba County,
28,101,,MS,Newton County,
28,103,,MS,Noxubee County,
28,107,,MS,Panola County,
28,119,,MS,Quitman County,
28,123,,MS,Scott County,
28,125,,MS,Sharkey County,
28,129,,MS,Smith County,
28,135,,MS,Tallahatchie County,
28,139,,MS,Tippah County,
28,141,,MS,Tishomingo County,
28,145,,MS,Union County,
28,147,,MS,Walthall County,
28,153,,MS,Wayne County,
28,157,,MS,Wilkinson County,
28,159,,MS,Winston County,
28,161,,MS,Yalobusha County,
29,5,,MO,Atchison County,
29,9,,MO,Barry County,
29,11,,MO,Barton County,
29,15,,MO,Benton County,
29,29,,MO,Camden County,
29,33,,MO,Carroll County,
29,35,,MO,Carter County,
29,39,,MO,Cedar County,
29,41,,MO,Chariton County,
29,55,,MO,Crawford County,
29,57,,MO,Dade County,
29,61,,MO,Daviess County,
29,65,,MO,Dent County,
29,67,,MO,Douglas County,
29,73,,MO,Gasconade County,
29,75,,MO,Gentry County,
29,79,,MO,Grundy County,
29,81,,MO,Harrison County,
29,83,,MO,Henry County,
29,85,,MO,Hickory County,
29,87,,MO,Holt County,
29,93,,MO,Iron County,
29,103,,MO,Knox County,
29,109,,MO,Lawrence County,
29,115,,MO,Linn County,
29,117,,MO,Livingston County,
29,119,,MO,McDonald County,
29,121,,MO,Macon County,
29,123,,MO,Madison County,
29,125,,MO,Maries County,
29,129,,MO,Mercer County,
29,131,,MO,Miller County,
29,133,,MO,Mississippi County,
29,137,,MO,Monroe County,
29,139,,MO,Montgomery County,
29,141,,MO,Morgan County,
29,143,,MO,New Madrid County,
29,149,,MO,Oregon County,
29,153,,MO,Ozark County,
29,155,,MO,Pemiscot County,
29,157,,MO,Perry County,
29,163,,MO,Pike County,
29,171,,MO,Putnam County,
29,179,,MO,Reynolds County,
29,185,,MO,St. Clair County,
29,186,,MO,Ste. Genevieve County,
29,199,,MO,Scotland County,
29,203,,MO,Shannon County,
29,205,,MO,Shelby County,
29,207,,MO,Stoddard County,
29,209,,MO,Stone County,
29,211,,MO,Sullivan County,
29,215,,MO,Texas County,
29,217,,MO,Vernon County,
29,221,,MO,Washington County,
29,223,,MO,Wayne County,
29,227,,MO,Worth County,
29,229,,MO,Wright County,
30,1,,MT,Beaverhead County,
30,3,,MT,Big Horn County,
30,5,,MT,Blaine County,
30,7,,MT,Broadwater County,
30,11,,MT,Carter County,
30,15,,MT,Chouteau County,
30,17,,MT,Custer County,
30,19,,MT,Daniels County,
30,21,,MT,Dawson County,
30,23,,MT,Deer Lodge County,
30,25,,MT,Fallon County,
30,27,,MT,Fergus County,
30,33,,MT,Garfield County,
30,35,,MT,Glacier County,
30,37,,MT,Golden Valley County,
30,39,,MT,Granite County,
30,41,,MT,Hill County,
30,45,,MT,Judith Basin County,
30,47,,MT,Lake County,
30,51,,MT,Liberty County,
30,53,,MT,Lincoln County,
30,55,,MT,McCone County,
30,57,,MT,Madison County,
30,59,,MT,Meagher County,
30,61,,MT,Mineral County,
30,65,,MT,Musselshell County,
30,67,,MT,Park County,
30,69,,MT,Petroleum County,
30,71,,MT,Phillips County,
30,73,,MT,Pondera County,
30,75,,MT,Powder River County,
30,77,,MT,Powell County,
30,79,,MT,Prairie County,
30,81,,MT,Ravalli County,
30,83,,MT,Richland County,
30,85,,MT,Roosevelt County,
30,87,,MT,Rosebud County,
30,89,,MT,Sanders County,
30,91,,MT,Sheridan County,
30,97,,MT,Sweet Grass County,
30,99,,MT,Teton County,
30,101,,MT,Toole County,
30,103,,MT,Treasure County,
30,105,,MT,Valley County,
30,107,,MT,Wheatland County,
30,109,,MT,Wibaux County,
31,3,,NE,Antelope County,
31,5,,NE,Arthur County,
31,9,,NE,Blaine County,
31,11,,NE,Boone County,
31,13,,NE,Box Butte County,
31,15,,NE,Boyd County,
31,17,,NE,Brown County,
31,21,,NE,Burt County,
31,23,,NE,Butler County,
31,27,,NE,Cedar County,
31,29,,NE,Chase County,
31,31,,NE,Cherry County,
31,33,,NE,Cheyenne County,
31,35,,NE,Clay County,
31,37,,NE,Colfax County,
31,39,,NE,Cuming County,
31,41,,NE,Custer County,
31,45,,NE,Dawes County,
31,49,,NE,Deuel County,
31,57,,NE,Dundy County,
31,59,,NE,Fillmore County,
31,61,,NE,Franklin County,
31,63,,NE,Frontier County,
31,65,,NE,Furnas County,
31,69,,NE,Garden County,
31,71,,NE,Garfield County,
31,75,,NE,Grant County,
31,77,,NE,Greeley County,
31,81,,NE,Hamilton County,
31,83,,NE,Harlan County,
31,85,,NE,Hayes County,
31,87,,NE,Hitchcock County,
31,89,,NE,Holt County,
31,91,,NE,Hooker County,
31,95,,NE,Jefferson County,
31,97,,NE,Johnson County,
31,101,,NE,Keith County,
31,103,,NE,Keya Paha County,
31,105,,NE,Kimball County,
31,107,,NE,Knox County,
31,115,,NE,Loup County,
31,123,,NE,Morrill County,
31,125,,NE,Nance County,
31,127,,NE,Nemaha County,
31,129,,NE,Nuckolls County,
31,131,,NE,Otoe County,
31,133,,NE,Pawnee County,
31,135,,NE,Perkins County,
31,137,,NE,Phelps County,
31,143,,NE,Polk County,
31,145,,NE,Red Willow County,
31,147,,NE,Richardson County,
31,149,,NE,Rock County,
31,151,,NE,Saline County,
31,161,,NE,Sheridan County,
31,163,,NE,Sherman County,
31,169,,NE,Thayer County,
31,171,,NE,Thomas County,
31,173,,NE,Thurston County,
31,175,,NE,Valley County,
31,179,,NE,Wayne County,
31,181,,NE,Webster County,
31,183,,NE,Wheeler County,
31,185,,NE,York County,
32,9,,NV,Esmeralda County,
32,15,,NV,Lander County,
32,17,,NV,Lincoln County,
32,21,,NV,Mineral County,
32,27,,NV,Pershing County,
32,33,,NV,White Pine County,
33,3,,NH,Carroll County,
35,3,,NM,Catron County,
35,7,,NM,Colfax County,
35,11,,NM,De Baca County,
35,19,,NM,Guadalupe County,
35,21,,NM,Harding County,
35,23,,NM,Hidalgo County,
35,37,,NM,Quay County,
35,51,,NM,Sierra County,
35,53,,NM,Socorro County,
35,59,,NM,Union County,
36,3,,NY,Allegany County,
36,17,,NY,Chenango County,
36,25,,NY,Delaware County,
36,31,,NY,Essex County,
36,39,,NY,Greene County,
36,41,,NY,Hamilton County,
36,49,,NY,Lewis County,
36,97,,NY,Schuyler County,
36,105,,NY,Sullivan County,
36,121,,NY,Wyoming County,
37,5,,NC,Alleghany County,
37,9,,NC,Ashe County,
37,11,,NC,Avery County,
37,15,,NC,Bertie County,
37,17,,NC,Bladen County,
37,33,,NC,Caswell County,
37,39,,NC,Cherokee County,
37,41,,NC,Chowan County,
37,43,,NC,Clay County,
37,47,,NC,Columbus County,
37,61,,NC,Duplin County,
37,75,,NC,Graham County,
37,79,,NC,Greene County,
37,91,,NC,Hertford County,
37,95,,NC,Hyde County,
37,113,,NC,Macon County,
37,117,,NC,Martin County,
37,121,,NC,Mitchell County,
37,123,,NC,Montgomery County,
37,149,,NC,Polk County,
37,163,,NC,Sampson County,
37,177,,NC,Tyrrell County,
37,185,,NC,Warren County,
37,187,,NC,Washington County,
37,199,,NC,Yancey County,
38,1,,ND,Adams County,
38,3,,ND,Barnes County,
38,5,,ND,Benson County,
38,9,,ND,Bottineau County,
38,11,,ND,Bowman County,
38,13,,ND,Burke County,
38,19,,ND,Cavalier County,
38,21,,ND,Dickey County,
38,23,,ND,Divide County,
38,25,,ND,Dunn County,
38,27,,ND,Eddy County,
38,29,,ND,Emmons County,
38,31,,ND,Foster County,
38,33,,ND,Golden Valley County,
38,37,,ND,Grant County,
38,39,,ND,Griggs County,
38,41,,ND,Hettinger County,
38,43,,ND,Kidder County,
38,45,,ND,LaMoure County,
38,47,,ND,Logan County,
38,51,,ND,McIntosh County,
38,53,,ND,McKenzie County,
38,55,,ND,McLean County,
38,57,,ND,Mercer County,
38,61,,ND,Mountrail County,
38,63,,ND,Nelson County,
38,67,,ND,Pembina County,
38,69,,ND,Pierce County,
38,71,,ND,Ramsey County,
38,73,,ND,Ransom County,
38,79,,ND,Rolette County,
38,81,,ND,Sargent County,
38,83,,ND,Sheridan County,
38,85,,ND,Sioux County,
38,87,,ND,Slope County,
38,91,,ND,Steele County,
38,95,,ND,Towner County,
38,97,,ND,Traill County,
38,99,,ND,Walsh County,
38,103,,ND,Wells County,
39,1,,OH,Adams County,
39,65,,OH,Hardin County,
39,67,,OH,Harrison County,
39,69,,OH,Henry County,
39,71,,OH,Highland County,
39,75,,OH,Holmes County,
39,105,,OH,Meigs County,
39,111,,OH,Monroe County,
39,115,,OH,Morgan County,
39,121,,OH,Noble County,
39,125,,OH,Paulding County,
39,131,,OH,Pike County,
39,135,,OH,Preble County,
39,137,,OH,Putnam County,
39,163,,OH,Vinton County,
39,171,,OH,Williams County,
39,175,,OH,Wyandot County,
40,1,,OK,Adair County,
40,3,,OK,Alfalfa County,
40,5,,OK,Atoka County,
40,7,,OK,Beaver County,
40,11,,OK,Blaine County,
40,15,,OK,Caddo County,
40,23,,OK,Choctaw County,
40,25,,OK,Cimarron County,
40,29,,OK,Coal County,
40,35,,OK,Craig County,
40,41,,OK,Delaware County,
40,43,,OK,Dewey County,
40,49,,OK,Garvin County,
40,53,,OK,Grant County,
40,55,,OK,Greer County,
40,57,,OK,Harmon County,
40,59,,OK,Harper County,
40,61,,OK,Haskell County,
40,63,,OK,Hughes County,
40,67,,OK,Jefferson County,
40,69,,OK,Johnston County,
40,73,,OK,Kingfisher County,
40,75,,OK,Kiowa County,
40,77,,OK,Latimer County,
40,79,,OK,Le Flore County,
40,89,,OK,McCurtain County,
40,91,,OK,McIntosh County,
40,93,,OK,Major County,
40,95,,OK,Marshall County,
40,97,,OK,Mayes County,
40,99,,OK,Murray County,
40,103,,OK,Noble County,
40,105,,OK,Nowata County,
40,107,,OK,Okfuskee County,
40,127,,OK,Pushmataha County,
40,129,,OK,Roger Mills County,
40,133,,OK,Seminole County,
40,141,,OK,Tillman County,
40,149,,OK,Washita County,
40,151,,OK,Woods County,
41,1,,OR,Baker County,
41,21,,OR,Gilliam County,
41,23,,OR,Grant County,
41,25,,OR,Harney County,
41,31,,OR,Jefferson County,
41,37,,OR,Lake County,
41,55,,OR,Sherman County,
41,57,,OR,Tillamook County,
41,63,,OR,Wallowa County,
41,69,,OR,Wheeler County,
42,9,,PA,Bedford County,
42,23,,PA,Cameron County,
42,31,,PA,Clarion County,
42,53,,PA,Forest County,
42,57,,PA,Fulton County,
42,59,,PA,Greene County,
42,65,,PA,Jefferson County,
42,67,,PA,Juniata County,
42,105,,PA,Potter County,
42,113,,PA,Sullivan County,
42,115,,PA,Susquehanna County,
42,117,,PA,Tioga County,
42,127,,PA,Wayne County,
45,1,,SC,Abbeville County,
45,5,,SC,Allendale County,
45,9,,SC,Bamberg County,
45,11,,SC,Barnwell County,
45,25,,SC,Chesterfield County,
45,29,,SC,Colleton County,
45,33,,SC,Dillon County,
45,49,,SC,Hampton County,
45,61,,SC,Lee County,
45,65,,SC,McCormick County,
45,67,,SC,Marion County,
45,89,,SC,Williamsburg County,
46,3,,SD,Aurora County,
46,7,,SD,Bennett County,
46,9,,SD,Bon Homme County,
46,15,,SD,Brule County,
46,17,,SD,Buffalo County,
46,19,,SD,Butte County,
46,21,,SD,Campbell County,
46,23,,SD,Charles Mix County,
46,25,,SD,Clark County,
46,31,,SD,Corson County,
46,33,,SD,Custer County,
46,37,,SD,Day County,
46,39,,SD,Deuel County,
46,41,,SD,Dewey County,
46,43,,SD,Douglas County,
46,47,,SD,Fall River County,
46,49,,SD,Faulk County,
46,51,,SD,Grant County,
46,53,,SD,Gregory County,
46,55,,SD,Haakon County,
46,59,,SD,Hand County,
46,63,,SD,Harding County,
46,67,,SD,Hutchinson County,
46,69,,SD,Hyde County,
46,71,,SD,Jackson County,
46,75,,SD,Jones County,
46,77,,SD,Kingsbury County,
46,79,,SD,Lake County,
46,85,,SD,Lyman County,
46,89,,SD,McPherson County,
46,91,,SD,Marshall County,
46,95,,SD,Mellette County,
46,97,,SD,Miner County,
46,101,,SD,Moody County,
46,102,,SD,Oglala Lakota County,
46,105,,SD,Perkins County,
46,107,,SD,Potter County,
46,109,,SD,Roberts County,
46,111,,SD,Sanborn County,
46,113,,SD,Shannon County,
46,115,,SD,Spink County,
46,119,,SD,Sully County,
46,121,,SD,Todd County,
46,123,,SD,Tripp County,
46,129,,SD,Walworth County,
46,137,,SD,Ziebach County,
47,5,,TN,Benton County,
47,7,,TN,Bledsoe County,
47,17,,TN,Carroll County,
47,25,,TN,Claiborne County,
47,27,,TN,Clay County,
47,39,,TN,Decatur County,
47,41,,TN,DeKalb County,
47,49,,TN,Fentress County,
47,55,,TN,Giles County,
47,61,,TN,Grundy County,
47,67,,TN,Hancock County,
47,69,,TN,Hardeman County,
47,71,,TN,Hardin County,
47,77,,TN,Henderson County,
47,81,,TN,Hickman County,
47,83,,TN,Houston County,
47,85,,TN,Humphreys County,
47,91,,TN,Johnson County,
47,95,,TN,Lake County,
47,97,,TN,Lauderdale County,
47,101,,TN,Lewis County,
47,103,,TN,Lincoln County,
47,109,,TN,McNairy County,
47,121,,TN,Meigs County,
47,123,,TN,Monroe County,
47,135,,TN,Perry County,
47,137,,TN,Pickett County,
47,151,,TN,Scott County,
47,175,,TN,Van Buren County,
47,181,,TN,Wayne County,
47,185,,TN,White County,
48,17,,TX,Bailey County,
48,23,,TX,Baylor County,
48,31,,TX,Blanco County,
48,33,,TX,Borden County,
48,35,,TX,Bosque County,
48,43,,TX,Brewster County,
48,45,,TX,Briscoe County,
48,47,,TX,Brooks County,
48,53,,TX,Burnet County,
48,67,,TX,Cass County,
48,69,,TX,Castro County,
48,75,,TX,Childress County,
48,79,,TX,Cochran County,
48,81,,TX,Coke County,
48,83,,TX,Coleman County,
48,87,,TX,Collingsworth County,
48,89,,TX,Colorado County,
48,93,,TX,Comanche County,
48,95,,TX,Concho County,
48,101,,TX,Cottle County,
48,103,,TX,Crane County,
48,105,,TX,Crockett County,
48,109,,TX,Culberson County,
48,111,,TX,Dallam County,
48,119,,TX,Delta County,
48,123,,TX,DeWitt County,
48,125,,TX,Dickens County,
48,127,,TX,Dimmit County,
48,129,,TX,Donley County,
48,133,,TX,Eastland County,
48,137,,TX,Edwards County,
48,149,,TX,Fayette County,
48,151,,TX,Fisher County,
48,153,,TX,Floyd County,
48,155,,TX,Foard County,
48,159,,TX,Franklin County,
48,161,,TX,Freestone County,
48,165,,TX,Gaines County,
48,169,,TX,Garza County,
48,173,,TX,Glasscock County,
48,177,,TX,Gonzales County,
48,185,,TX,Grimes County,
48,191,,TX,Hall County,
48,193,,TX,Hamilton County,
48,195,,TX,Hansford County,
48,197,,TX,Hardeman County,
48,205,,TX,Hartley County,
48,207,,TX,Haskell County,
48,211,,TX,Hemphill County,
48,217,,TX,Hill County,
48,225,,TX,Houston County,
48,237,,TX,Jack County,
48,239,,TX,Jackson County,
48,241,,TX,Jasper County,
48,243,,TX,Jeff Davis County,
48,247,,TX,Jim Hogg County,
48,255,,TX,Karnes County,
48,263,,TX,Kent County,
48,267,,TX,Kimble County,
48,269,,TX,King County,
48,271,,TX,Kinney County,
48,275,,TX,Knox County,
48,279,,TX,Lamb County,
48,283,,TX,La Salle County,
48,285,,TX,Lavaca County,
48,287,,TX,Lee County,
48,289,,TX,Leon County,
48,293,,TX,Limestone County,
48,295,,TX,Lipscomb County,
48,297,,TX,Live Oak County,
48,299,,TX,Llano County,
48,307,,TX,McCulloch County,
48,311,,TX,McMullen County,
48,313,,TX,Madison County,
48,315,,TX,Marion County,
48,319,,TX,Mason County,
48,327,,TX,Menard County,
48,331,,TX,Milam County,
48,333,,TX,Mills County,
48,335,,TX,Mitchell County,
48,337,,TX,Montague County,
48,343,,TX,Morris County,
48,345,,TX,Motley County,
48,351,,TX,Newton County,
48,357,,TX,Ochiltree County,
48,365,,TX,Panola County,
48,369,,TX,Parmer County,
48,371,,TX,Pecos County,
48,373,,TX,Polk County,
48,377,,TX,Presidio County,
48,379,,TX,Rains County,
48,383,,TX,Reagan County,
48,385,,TX,Real County,
48,387,,TX,Red River County,
48,391,,TX,Refugio County,
48,399,,TX,Runnels County,
48,403,,TX,Sabine County,
48,405,,TX,San Augustine County,
48,407,,TX,San Jacinto County,
48,411,,TX,San Saba County,
48,413,,TX,Schleicher County,
48,417,,TX,Shackelford County,
48,419,,TX,Shelby County,
48,421,,TX,Sherman County,
48,425,,TX,Somervell County,
48,429,,TX,Stephens County,
48,433,,TX,Stonewall County,
48,435,,TX,Sutton County,
48,437,,TX,Swisher County,
48,443,,TX,Terrell County,
48,445,,TX,Terry County,
48,447,,TX,Throckmorton County,
48,455,,TX,Trinity County,
48,457,,TX,Tyler County,
48,461,,TX,Upton County,
48,467,,TX,Van Zandt County,
48,475,,TX,Ward County,
48,483,,TX,Wheeler County,
48,495,,TX,Winkler County,
48,499,,TX,Wood County,
48,501,,TX,Yoakum County,
48,503,,TX,Young County,
48,507,,TX,Zavala County,
49,1,,UT,Beaver County,
49,9,,UT,Daggett County,
49,13,,UT,Duchesne County,
49,15,,UT,Emery County,
49,17,,UT,Garfield County,
49,19,,UT,Grand County,
49,25,,UT,Kane County,
49,27,,UT,Millard County,
49,31,,UT,Piute County,
49,33,,UT,Rich County,
49,37,,UT,San Juan County,
49,39,,UT,Sanpete County,
49,41,,UT,Sevier County,
49,55,,UT,Wayne County,
50,1,,VT,Addison County,
50,5,,VT,Caledonia County,
50,9,,VT,Essex County,
50,15,,VT,Lamoille County,
50,19,,VT,Orleans County,
50,25,,VT,Windham County,
51,1,,VA,Accomack County,
51,5,,VA,Alleghany County,
51,17,,VA,Bath County,
51,25,,VA,Brunswick County,
51,27,,VA,Buchanan County,
51,29,,VA,Buckingham County,
51,33,,VA,Caroline County,
51,35,,VA,Carroll County,
51,37,,VA,Charlotte County,
51,49,,VA,Cumberland County,
51,51,,VA,Dickenson County,
51,57,,VA,Essex County,
51,63,,VA,Floyd County,
51,77,,VA,Grayson County,
51,81,,VA,Greensville County,
51,83,,VA,Halifax County,
51,91,,VA,Highland County,
51,99,,VA,King George County,
51,103,,VA,Lancaster County,
51,105,,VA,Lee County,
51,109,,VA,Louisa County,
51,111,,VA,Lunenburg County,
51,117,,VA,Mecklenburg County,
51,119,,VA,Middlesex County,
51,131,,VA,Northampton County,
51,133,,VA,Northumberland County,
51,135,,VA,Nottoway County,
51,137,,VA,Orange County,
51,139,,VA,Page County,
51,141,,VA,Patrick County,
51,147,,VA,Prince Edward County,
51,159,,VA,Richmond County,
51,163,,VA,Rockbridge County,
51,167,,VA,Russell County,
51,171,,VA,Shenandoah County,
51,173,,VA,Smyth County,
51,181,,VA,Surry County,
51,193,,VA,Westmoreland County,
51,197,,VA,Wythe County,
51,515,,VA,Bedford city,
51,530,,VA,Buena Vista city,
51,580,,VA,Covington city,
51,595,,VA,Emporia city,
51,640,,VA,Galax city,
51,678,,VA,Lexington city,
53,13,,WA,Columbia County,
53,19,,WA,Ferry County,
53,23,,WA,Garfield County,
53,31,,WA,Jefferson County,
53,39,,WA,Klickitat County,
53,43,,WA,Lincoln County,
53,47,,WA,Okanogan County,
53,49,,WA,Pacific County,
53,51,,WA,Pend Oreille County,
53,55,,WA,San Juan County,
53,69,,WA,Wahkiakum County,
54,1,,WV,Barbour County,
54,7,,WV,Braxton County,
54,13,,WV,Calhoun County,
54,21,,WV,Gilmer County,
54,23,,WV,Grant County,
54,25,,WV,Greenbrier County,
54,31,,WV,Hardy County,
54,41,,WV,Lewis County,
54,47,,WV,McDowell County,
54,59,,WV,Mingo County,
54,63,,WV,Monroe County,
54,67,,WV,Nicholas County,
54,71,,WV,Pendleton County,
54,73,,WV,Pleasants County,
54,75,,WV,Pocahontas County,
54,85,,WV,Ritchie County,
54,87,,WV,Roane County,
54,89,,WV,Summers County,
54,93,,WV,Tucker County,
54,95,,WV,Tyler County,
54,97,,WV,Upshur County,
54,101,,WV,Webster County,
54,103,,WV,Wetzel County,
54,109,,WV,Wyoming County,
55,1,,WI,Adams County,
55,3,,WI,Ashland County,
55,5,,WI,Barron County,
55,7,,WI,Bayfield County,
55,11,,WI,Buffalo County,
55,13,,WI,Burnett County,
55,19,,WI,Clark County,
55,23,,WI,Crawford County,
55,29,,WI,Door County,
55,41,,WI,Forest County,
55,47,,WI,Green Lake County,
55,51,,WI,Iron County,
55,53,,WI,Jackson County,
55,57,,WI,Juneau County,
55,65,,WI,Lafayette County,
55,67,,WI,Langlade County,
55,77,,WI,Marquette County,
55,81,,WI,Monroe County,
55,85,,WI,Oneida County,
55,91,,WI,Pepin County,
55,95,,WI,Polk County,
55,99,,WI,Price County,
55,103,,WI,Richland County,
55,107,,WI,Rusk County,
55,113,,WI,Sawyer County,
55,119,,WI,Taylor County,
55,121,,WI,Trempealeau County,
55,123,,WI,Vernon County,
55,125,,WI,Vilas County,
55,129,,WI,Washburn County,
55,135,,WI,Waupaca County,
55,137,,WI,Waushara County,
56,3,,WY,Big Horn County,
56,7,,WY,Carbon County,
56,9,,WY,Converse County,
56,15,,WY,Goshen County,
56,17,,WY,Hot Springs County,
56,19,,WY,Johnson County,
56,23,,WY,Lincoln County,
56,27,,WY,Niobrara County,
56,29,,WY,Park County,
56,31,,WY,Platte County,
56,35,,WY,Sublette County,
56,43,,WY,Washakie County,
72,49,,PR,Culebra Municipio,
72,93,,PR,Maricao Municipio,
72,147,,PR,Vieques Municipio,
,,,,,